customerID,SeniorCitizen,tenure,MonthlyCharges,TotalCharges,Contract,InternetService,PaymentMethod,TechSupport,OnlineSecurity,Churn
CUST-0001,0,52,105.57,4996.8,One year,Fiber optic,Mailed check,Yes,Yes,1
CUST-0002,1,15,103.02,1498.96,One year,Fiber optic,Electronic check,No,Yes,0
CUST-0003,0,61,59.72,3207.97,One year,Fiber optic,Electronic check,Yes,No,0
CUST-0004,0,21,86.81,1701.35,Month-to-month,Fiber optic,Credit card,Yes,No,1
CUST-0005,0,24,40.5,933.08,Two year,No,Bank transfer,No,Yes,0
CUST-0006,0,3,49.31,139.41,Month-to-month,DSL,Electronic check,Yes,No,1
CUST-0007,0,22,109.63,2118.1,Month-to-month,No,Mailed check,No,No,0
CUST-0008,0,53,21.3,1019.74,Month-to-month,Fiber optic,Electronic check,No,Yes,0
CUST-0009,1,2,28.55,55.25,Month-to-month,No,Electronic check,No,No,1
CUST-0010,0,30,40.79,1141.88,Month-to-month,Fiber optic,Credit card,No,Yes,1
CUST-0011,1,38,22.65,732.27,One year,Fiber optic,Credit card,No,No,0
CUST-0012,1,2,38.14,73.55,Month-to-month,No,Mailed check,Yes,No,0
CUST-0013,0,64,78.3,4286.06,Month-to-month,DSL,Credit card,No,No,1
CUST-0014,0,60,62.14,3586.2,Month-to-month,No,Electronic check,No,No,1
CUST-0015,1,21,109.27,2020.16,Month-to-month,Fiber optic,Electronic check,Yes,No,1
CUST-0016,1,33,101.74,3336.31,Two year,Fiber optic,Credit card,No,No,0
CUST-0017,0,58,54.18,2844.51,Month-to-month,DSL,Electronic check,No,No,0
CUST-0018,0,22,45.94,908.64,Month-to-month,Fiber optic,Electronic check,Yes,Yes,1
CUST-0019,0,49,57.97,2477.89,Month-to-month,DSL,Mailed check,Yes,Yes,0
CUST-0020,0,59,79.03,4177.1,Month-to-month,DSL,Credit card,No,Yes,0
CUST-0021,0,42,46.81,1929.64,Month-to-month,DSL,Electronic check,Yes,Yes,0
CUST-0022,0,60,82.41,4941.88,One year,DSL,Credit card,No,No,0
CUST-0023,0,15,60.94,827.49,Two year,No,Mailed check,Yes,No,0
CUST-0024,0,62,75.2,4276.78,Month-to-month,No,Credit card,No,No,1
CUST-0025,0,62,63.61,3779.4,One year,Fiber optic,Electronic check,No,Yes,0
CUST-0026,0,47,49.45,2284.48,One year,Fiber optic,Credit card,No,Yes,0
CUST-0027,0,62,114.85,6686.03,Two year,DSL,Electronic check,Yes,Yes,0
CUST-0028,0,51,96.36,4465.82,Month-to-month,Fiber optic,Electronic check,No,No,1
CUST-0029,0,55,34.01,1705.74,Month-to-month,No,Electronic check,Yes,Yes,0
CUST-0030,0,64,106.85,6526.18,Month-to-month,No,Mailed check,No,No,1
CUST-0031,0,3,68.74,175.39,One year,Fiber optic,Credit card,No,Yes,0
CUST-0032,1,51,109.46,5263.92,Two year,Fiber optic,Mailed check,No,No,0
CUST-0033,0,7,99.99,632.26,Month-to-month,DSL,Credit card,No,Yes,1
CUST-0034,0,21,62.52,1272.39,Month-to-month,No,Mailed check,No,No,1
CUST-0035,0,39,22.25,749.69,Two year,DSL,Bank transfer,Yes,Yes,0
CUST-0036,1,18,46.87,791.55,Two year,Fiber optic,Electronic check,Yes,Yes,0
CUST-0037,0,4,74.16,273.55,Two year,Fiber optic,Electronic check,Yes,No,0
CUST-0038,0,60,83.35,4732.69,One year,Fiber optic,Mailed check,No,No,0
CUST-0039,0,14,45.79,551.14,Month-to-month,DSL,Bank transfer,No,Yes,0
CUST-0040,0,9,33.94,286.22,One year,No,Electronic check,Yes,No,0
CUST-0041,0,53,103.49,5124.18,One year,DSL,Credit card,No,Yes,0
CUST-0042,0,2,118.44,221.27,Month-to-month,Fiber optic,Mailed check,No,No,1
CUST-0043,0,60,72.57,4095.23,Month-to-month,DSL,Electronic check,No,Yes,1
CUST-0044,0,71,37.17,2511.0,One year,DSL,Electronic check,Yes,No,1
CUST-0045,0,44,47.23,2017.33,Month-to-month,Fiber optic,Mailed check,Yes,Yes,0
CUST-0046,0,8,21.84,155.58,One year,Fiber optic,Mailed check,Yes,Yes,0
CUST-0047,1,47,111.43,5099.77,One year,DSL,Credit card,Yes,Yes,0
CUST-0048,0,35,31.78,1028.59,Two year,DSL,Credit card,Yes,No,0
CUST-0049,1,36,77.65,2408.4,Month-to-month,Fiber optic,Electronic check,No,Yes,1
CUST-0050,0,50,47.41,2035.74,Month-to-month,Fiber optic,Electronic check,No,No,1
CUST-0051,0,4,75.42,271.55,One year,No,Mailed check,No,No,1
CUST-0052,0,2,85.14,164.79,Month-to-month,DSL,Electronic check,No,No,1
CUST-0053,1,6,102.97,590.73,One year,Fiber optic,Electronic check,Yes,Yes,0
CUST-0054,0,54,40.64,2124.98,One year,DSL,Mailed check,Yes,No,0
CUST-0055,0,4,21.1,78.29,Month-to-month,DSL,Electronic check,No,No,0
CUST-0056,0,54,33.69,1666.5,Month-to-month,Fiber optic,Electronic check,Yes,No,1
CUST-0057,0,63,110.0,6043.78,Month-to-month,Fiber optic,Bank transfer,No,Yes,1
CUST-0058,0,18,107.39,1738.23,Month-to-month,DSL,Credit card,No,No,0
CUST-0059,0,44,79.74,3210.69,Two year,DSL,Mailed check,No,No,0
CUST-0060,0,34,80.05,2349.62,Two year,DSL,Bank transfer,No,No,0
CUST-0061,0,62,86.5,4736.02,One year,No,Credit card,Yes,No,0
CUST-0062,0,14,37.54,493.89,One year,No,Credit card,No,Yes,0
CUST-0063,0,48,111.44,5137.02,Month-to-month,DSL,Credit card,Yes,Yes,0
CUST-0064,0,15,61.88,927.97,Two year,DSL,Bank transfer,No,No,0
CUST-0065,0,62,58.31,3578.95,One year,No,Bank transfer,No,No,0
CUST-0066,0,40,71.89,2721.42,One year,No,Credit card,No,No,0
CUST-0067,0,53,24.7,1195.45,Two year,Fiber optic,Electronic check,No,No,0
CUST-0068,1,24,36.63,831.14,Month-to-month,DSL,Electronic check,Yes,Yes,1
CUST-0069,1,26,93.8,2360.39,Two year,DSL,Bank transfer,No,Yes,0
CUST-0070,0,60,28.28,1472.4,Month-to-month,Fiber optic,Bank transfer,Yes,Yes,1
CUST-0071,0,41,80.32,3001.63,Month-to-month,Fiber optic,Bank transfer,No,Yes,1
CUST-0072,0,29,44.53,1260.34,Month-to-month,DSL,Credit card,No,No,0
CUST-0073,0,15,58.93,802.25,Two year,Fiber optic,Electronic check,No,No,0
CUST-0074,0,45,48.87,2057.92,Two year,DSL,Bank transfer,Yes,Yes,0
CUST-0075,0,65,55.57,3388.7,One year,Fiber optic,Bank transfer,No,Yes,0
CUST-0076,0,71,91.9,5726.72,One year,DSL,Mailed check,No,No,0
CUST-0077,1,9,49.71,404.59,One year,DSL,Credit card,No,No,0
CUST-0078,1,1,76.64,68.99,Two year,Fiber optic,Mailed check,No,No,0
CUST-0079,0,8,67.61,461.87,Month-to-month,Fiber optic,Electronic check,No,No,1
CUST-0080,0,63,86.37,4644.86,Month-to-month,No,Mailed check,Yes,No,0
CUST-0081,0,11,113.68,1218.91,Month-to-month,Fiber optic,Mailed check,Yes,Yes,1
CUST-0082,0,8,93.26,664.73,One year,DSL,Mailed check,No,Yes,0
CUST-0083,0,35,41.49,1347.18,One year,Fiber optic,Credit card,No,No,0
CUST-0084,0,35,23.12,724.08,Month-to-month,DSL,Electronic check,Yes,No,1
CUST-0085,0,33,46.23,1512.02,Month-to-month,No,Mailed check,No,Yes,0
CUST-0086,0,5,79.51,353.38,Two year,Fiber optic,Credit card,Yes,No,0
CUST-0087,0,41,25.14,942.56,Month-to-month,Fiber optic,Electronic check,No,Yes,1
CUST-0088,0,28,69.64,1912.7,One year,DSL,Bank transfer,No,Yes,0
CUST-0089,0,7,79.68,544.54,Two year,Fiber optic,Mailed check,Yes,Yes,0
CUST-0090,0,12,53.42,562.78,Month-to-month,No,Electronic check,No,Yes,1
CUST-0091,0,34,97.09,3203.34,Month-to-month,No,Mailed check,Yes,No,1
CUST-0092,0,33,30.66,929.55,One year,DSL,Bank transfer,Yes,No,0
CUST-0093,0,48,27.51,1218.07,Two year,DSL,Electronic check,Yes,Yes,0
CUST-0094,0,23,92.82,1857.38,Month-to-month,No,Credit card,No,No,1
CUST-0095,1,62,69.55,3717.42,Two year,No,Electronic check,Yes,No,0
CUST-0096,0,37,88.84,3152.94,Month-to-month,DSL,Credit card,Yes,No,1
CUST-0097,0,44,63.48,2582.15,Month-to-month,Fiber optic,Electronic check,No,No,0
CUST-0098,0,35,44.64,1430.42,One year,DSL,Credit card,No,Yes,0
CUST-0099,1,65,101.91,6355.38,Two year,No,Bank transfer,No,No,0
CUST-0100,0,47,99.94,4531.97,Month-to-month,DSL,Bank transfer,No,Yes,1
CUST-0101,0,3,89.47,234.55,Two year,DSL,Bank transfer,No,Yes,0
CUST-0102,0,1,47.21,44.45,One year,Fiber optic,Electronic check,No,No,1
CUST-0103,0,5,79.02,343.86,Month-to-month,DSL,Bank transfer,Yes,Yes,0
CUST-0104,0,14,56.1,756.11,Month-to-month,Fiber optic,Mailed check,No,No,0
CUST-0105,0,27,29.16,746.81,Two year,Fiber optic,Bank transfer,Yes,No,0
CUST-0106,0,9,111.73,999.03,Month-to-month,DSL,Credit card,No,Yes,1
CUST-0107,1,15,33.68,434.65,Month-to-month,Fiber optic,Credit card,Yes,No,0
CUST-0108,0,42,115.02,4147.56,Month-to-month,Fiber optic,Credit card,Yes,Yes,1
CUST-0109,0,51,64.6,2939.86,Two year,DSL,Electronic check,No,Yes,0
CUST-0110,0,63,38.51,2157.45,One year,Fiber optic,Mailed check,No,No,0
CUST-0111,0,52,74.19,3422.12,One year,No,Bank transfer,Yes,No,0
CUST-0112,0,4,107.29,423.13,Month-to-month,Fiber optic,Mailed check,No,No,1
CUST-0113,0,23,93.22,1902.71,One year,DSL,Mailed check,No,Yes,1
CUST-0114,0,15,100.66,1345.01,One year,DSL,Credit card,Yes,No,0
CUST-0115,0,43,85.88,3559.56,Two year,DSL,Credit card,Yes,Yes,0
CUST-0116,0,29,89.23,2374.09,Two year,Fiber optic,Credit card,Yes,Yes,0
CUST-0117,0,36,104.92,3650.61,Month-to-month,Fiber optic,Electronic check,No,No,1
CUST-0118,0,13,44.97,502.65,One year,Fiber optic,Mailed check,No,No,0
CUST-0119,0,32,68.94,2036.51,Month-to-month,DSL,Mailed check,No,No,0
CUST-0120,0,71,42.12,2557.02,Month-to-month,DSL,Electronic check,No,Yes,0
CUST-0121,1,59,118.77,6022.17,Month-to-month,Fiber optic,Electronic check,Yes,No,0
CUST-0122,1,28,114.41,3158.52,Month-to-month,Fiber optic,Electronic check,No,Yes,1
CUST-0123,0,66,23.94,1376.04,Month-to-month,DSL,Mailed check,Yes,No,1
CUST-0124,0,42,90.56,3536.75,One year,Fiber optic,Mailed check,No,No,0
CUST-0125,0,45,112.52,4616.12,Month-to-month,DSL,Credit card,No,Yes,0
CUST-0126,0,62,38.06,2128.71,One year,No,Credit card,Yes,Yes,0
CUST-0127,0,57,76.79,4311.27,Month-to-month,No,Mailed check,No,No,1
CUST-0128,0,6,111.55,571.1,Month-to-month,DSL,Credit card,No,No,0
CUST-0129,0,28,23.39,621.89,One year,DSL,Electronic check,Yes,No,0
CUST-0130,0,28,89.74,2498.92,Month-to-month,Fiber optic,Bank transfer,No,No,1
CUST-0131,0,44,49.73,2043.76,Month-to-month,DSL,Credit card,Yes,No,0
CUST-0132,0,30,112.44,3341.23,One year,Fiber optic,Mailed check,Yes,Yes,0
CUST-0133,0,62,117.11,6228.61,Month-to-month,No,Credit card,Yes,Yes,0
CUST-0134,0,62,114.43,6476.14,Month-to-month,Fiber optic,Credit card,Yes,Yes,1
CUST-0135,0,1,67.42,59.94,Month-to-month,No,Credit card,No,Yes,0
CUST-0136,0,27,106.2,2751.62,Two year,Fiber optic,Bank transfer,No,No,0
CUST-0137,0,62,104.45,6457.73,One year,DSL,Electronic check,No,Yes,0
CUST-0138,0,3,51.91,138.36,One year,Fiber optic,Mailed check,Yes,Yes,0
CUST-0139,0,70,102.89,6828.69,One year,Fiber optic,Bank transfer,No,Yes,1
CUST-0140,0,27,23.7,562.93,Month-to-month,Fiber optic,Mailed check,No,No,1
CUST-0141,0,9,79.63,669.94,Month-to-month,DSL,Mailed check,No,Yes,1
CUST-0142,0,62,43.0,2451.63,One year,DSL,Mailed check,No,No,0
CUST-0143,0,37,32.06,1181.24,Month-to-month,No,Bank transfer,Yes,Yes,0
CUST-0144,0,51,27.7,1329.74,Month-to-month,DSL,Electronic check,Yes,No,0
CUST-0145,0,44,89.63,3558.92,Month-to-month,No,Mailed check,No,Yes,0
CUST-0146,0,24,53.99,1123.57,Month-to-month,No,Electronic check,Yes,No,0
CUST-0147,1,59,92.48,4761.66,Two year,Fiber optic,Electronic check,No,Yes,0
CUST-0148,0,32,26.54,750.59,Month-to-month,Fiber optic,Credit card,No,No,1
CUST-0149,0,52,51.53,2378.5,Month-to-month,Fiber optic,Bank transfer,No,No,1
CUST-0150,0,62,73.95,4482.16,Month-to-month,No,Bank transfer,Yes,Yes,1
CUST-0151,0,58,99.07,5367.87,Two year,DSL,Credit card,No,No,0
CUST-0152,1,52,51.88,2504.89,Month-to-month,Fiber optic,Credit card,Yes,No,1
CUST-0153,0,12,82.59,859.48,Month-to-month,Fiber optic,Electronic check,Yes,Yes,0
CUST-0154,0,39,108.6,4146.55,One year,Fiber optic,Mailed check,No,Yes,1
CUST-0155,0,2,81.59,156.4,One year,Fiber optic,Bank transfer,Yes,No,1
CUST-0156,0,3,43.3,111.73,Month-to-month,DSL,Mailed check,Yes,Yes,0
CUST-0157,0,56,22.44,1201.57,Month-to-month,Fiber optic,Mailed check,No,Yes,1
CUST-0158,0,59,107.01,5881.3,Month-to-month,No,Credit card,Yes,Yes,0
CUST-0159,0,2,22.13,38.16,Month-to-month,DSL,Mailed check,Yes,No,0
CUST-0160,0,2,107.47,197.48,Month-to-month,No,Electronic check,No,No,0
CUST-0161,0,54,72.89,3631.82,Month-to-month,Fiber optic,Credit card,No,No,1
CUST-0162,1,1,113.91,99.66,Month-to-month,No,Mailed check,Yes,No,0
CUST-0163,0,19,99.88,1882.26,Month-to-month,Fiber optic,Credit card,No,No,1
CUST-0164,0,2,119.79,234.19,One year,Fiber optic,Electronic check,No,No,0
CUST-0165,0,53,55.07,2773.81,Two year,DSL,Electronic check,Yes,No,0
CUST-0166,0,44,96.72,3912.44,One year,No,Mailed check,Yes,Yes,0
CUST-0167,0,32,60.19,1756.13,Month-to-month,DSL,Credit card,No,No,0
CUST-0168,0,70,67.99,4510.13,Month-to-month,No,Mailed check,Yes,No,0
CUST-0169,0,32,82.75,2467.45,Two year,No,Mailed check,No,Yes,0
CUST-0170,0,68,107.37,6274.19,Month-to-month,DSL,Credit card,No,Yes,0
CUST-0171,1,55,118.41,6036.32,Month-to-month,DSL,Mailed check,Yes,Yes,0
CUST-0172,0,56,96.83,5265.01,One year,Fiber optic,Electronic check,Yes,No,1
CUST-0173,0,17,61.78,965.07,One year,DSL,Credit card,No,Yes,0
CUST-0174,1,38,62.14,2025.52,One year,No,Credit card,No,No,0
CUST-0175,0,24,93.76,2178.1,Month-to-month,DSL,Credit card,No,No,0
CUST-0176,0,69,43.88,2665.01,Month-to-month,DSL,Credit card,No,No,0
CUST-0177,0,70,31.05,1931.79,Two year,No,Mailed check,Yes,Yes,0
CUST-0178,0,11,55.46,533.62,Month-to-month,Fiber optic,Mailed check,No,Yes,0
CUST-0179,1,16,48.72,701.2,One year,No,Electronic check,Yes,No,1
CUST-0180,1,59,49.63,2821.33,One year,DSL,Bank transfer,Yes,No,0
CUST-0181,0,70,43.36,2816.39,One year,Fiber optic,Bank transfer,No,No,0
CUST-0182,0,3,24.21,63.97,Month-to-month,Fiber optic,Electronic check,Yes,Yes,1
CUST-0183,0,20,21.79,427.81,Month-to-month,Fiber optic,Bank transfer,Yes,No,0
CUST-0184,0,59,118.77,6880.86,One year,Fiber optic,Electronic check,No,Yes,1
CUST-0185,0,36,62.78,2216.2,Two year,Fiber optic,Mailed check,Yes,No,0
CUST-0186,0,19,58.43,983.41,Two year,Fiber optic,Credit card,Yes,Yes,0
CUST-0187,1,67,87.96,5408.22,Month-to-month,DSL,Credit card,No,No,0
CUST-0188,1,19,41.83,792.98,Month-to-month,Fiber optic,Mailed check,No,Yes,0
CUST-0189,0,20,115.0,2221.34,Two year,DSL,Credit card,No,Yes,0
CUST-0190,0,71,98.63,5980.86,One year,Fiber optic,Credit card,No,Yes,0
CUST-0191,0,52,28.94,1293.87,Two year,DSL,Bank transfer,No,Yes,0
CUST-0192,0,33,61.76,1874.2,Month-to-month,Fiber optic,Mailed check,No,Yes,1
CUST-0193,0,40,107.91,4257.62,One year,Fiber optic,Bank transfer,No,Yes,1
CUST-0194,0,39,114.47,4155.42,One year,DSL,Bank transfer,Yes,No,0
CUST-0195,0,1,66.74,61.71,One year,DSL,Credit card,Yes,No,0
CUST-0196,0,11,81.34,774.68,Month-to-month,DSL,Credit card,No,No,1
CUST-0197,0,57,36.7,1984.2,Month-to-month,Fiber optic,Mailed check,Yes,No,0
CUST-0198,1,50,119.12,5797.07,One year,No,Credit card,Yes,Yes,0
CUST-0199,0,23,43.17,900.63,Month-to-month,DSL,Credit card,No,No,1
CUST-0200,0,31,114.27,3423.14,Month-to-month,Fiber optic,Mailed check,Yes,Yes,1
CUST-0201,0,42,84.96,3549.31,Two year,DSL,Credit card,No,Yes,0
CUST-0202,0,7,80.77,497.86,Month-to-month,Fiber optic,Bank transfer,Yes,Yes,1
CUST-0203,1,16,71.27,1058.79,Two year,No,Mailed check,No,No,0
CUST-0204,0,60,43.07,2307.87,Month-to-month,DSL,Credit card,Yes,Yes,1
CUST-0205,0,2,37.65,72.96,One year,Fiber optic,Electronic check,Yes,No,0
CUST-0206,0,1,42.05,39.39,Two year,DSL,Mailed check,Yes,No,0
CUST-0207,0,48,38.64,1753.06,Month-to-month,DSL,Mailed check,No,No,1
CUST-0208,0,12,97.96,1139.89,Month-to-month,DSL,Electronic check,Yes,No,0
CUST-0209,0,69,55.01,3451.78,Month-to-month,DSL,Credit card,Yes,No,1
CUST-0210,0,37,25.78,941.71,Month-to-month,Fiber optic,Credit card,No,Yes,0
CUST-0211,0,32,116.91,3479.07,One year,Fiber optic,Mailed check,No,Yes,1
CUST-0212,0,9,108.38,852.22,Two year,Fiber optic,Mailed check,Yes,No,0
CUST-0213,0,19,112.78,2045.07,Month-to-month,DSL,Credit card,Yes,Yes,0
CUST-0214,0,48,119.49,5557.66,Month-to-month,DSL,Credit card,Yes,No,1
CUST-0215,0,3,37.39,100.67,Month-to-month,Fiber optic,Bank transfer,Yes,Yes,0
CUST-0216,1,20,59.62,1166.86,One year,No,Mailed check,No,Yes,0
CUST-0217,1,24,95.82,2267.3,Month-to-month,DSL,Mailed check,Yes,Yes,0
CUST-0218,0,54,89.6,4313.61,One year,No,Electronic check,Yes,Yes,0
CUST-0219,0,33,35.39,1164.98,One year,Fiber optic,Bank transfer,No,Yes,0
CUST-0220,0,24,101.58,2123.69,One year,Fiber optic,Credit card,Yes,Yes,0
CUST-0221,0,36,42.44,1344.96,Month-to-month,Fiber optic,Bank transfer,Yes,Yes,1
CUST-0222,0,38,42.38,1413.38,One year,DSL,Credit card,Yes,Yes,0
CUST-0223,0,25,73.7,1813.2,Month-to-month,DSL,Credit card,No,Yes,1
CUST-0224,0,18,79.29,1353.21,Month-to-month,Fiber optic,Bank transfer,No,Yes,1
CUST-0225,0,66,78.01,4493.83,Two year,DSL,Mailed check,Yes,Yes,0
CUST-0226,1,54,29.15,1441.95,One year,No,Credit card,Yes,Yes,0
CUST-0227,0,35,107.75,3553.63,Month-to-month,Fiber optic,Bank transfer,No,Yes,1
CUST-0228,0,61,46.56,2449.69,Month-to-month,DSL,Electronic check,Yes,No,0
CUST-0229,0,41,32.95,1327.12,Month-to-month,Fiber optic,Bank transfer,Yes,Yes,1
CUST-0230,0,33,108.87,3486.87,Month-to-month,DSL,Electronic check,No,Yes,0
CUST-0231,1,68,115.57,7275.49,Month-to-month,Fiber optic,Credit card,No,Yes,1
CUST-0232,0,33,106.21,3487.65,Month-to-month,Fiber optic,Bank transfer,No,Yes,1
CUST-0233,0,14,100.95,1289.87,Month-to-month,No,Bank transfer,Yes,Yes,0
CUST-0234,0,21,85.52,1791.64,One year,Fiber optic,Electronic check,Yes,Yes,0
CUST-0235,1,48,75.09,3424.78,One year,Fiber optic,Bank transfer,Yes,No,0
CUST-0236,0,20,28.7,542.55,One year,Fiber optic,Bank transfer,Yes,No,0
CUST-0237,0,8,60.85,425.9,Month-to-month,No,Credit card,No,No,1
CUST-0238,0,7,57.27,393.79,Two year,DSL,Bank transfer,Yes,Yes,0
CUST-0239,0,67,45.98,2816.1,Two year,DSL,Mailed check,Yes,Yes,0
CUST-0240,0,17,92.34,1372.51,Two year,DSL,Electronic check,No,Yes,0
CUST-0241,0,33,69.59,1956.34,Two year,DSL,Bank transfer,No,No,0
CUST-0242,0,48,28.1,1259.73,Two year,Fiber optic,Electronic check,Yes,Yes,0
CUST-0243,0,59,42.02,2303.43,Month-to-month,Fiber optic,Electronic check,No,Yes,0
CUST-0244,0,22,88.33,1861.45,Month-to-month,Fiber optic,Electronic check,No,No,1
CUST-0245,0,30,27.61,814.67,One year,DSL,Bank transfer,Yes,No,1
CUST-0246,0,38,105.12,3442.96,One year,Fiber optic,Bank transfer,Yes,Yes,0
CUST-0247,1,51,69.51,3402.23,One year,DSL,Electronic check,Yes,Yes,0
CUST-0248,0,54,68.06,3227.27,Month-to-month,Fiber optic,Mailed check,Yes,Yes,1
CUST-0249,0,8,79.24,620.43,Month-to-month,Fiber optic,Electronic check,No,Yes,1
CUST-0250,0,27,102.47,2691.6,Month-to-month,DSL,Mailed check,No,No,1
CUST-0251,0,27,54.78,1377.18,Two year,DSL,Electronic check,Yes,Yes,0
CUST-0252,0,21,87.8,1763.66,One year,DSL,Credit card,Yes,Yes,0
CUST-0253,0,30,76.57,2060.85,Month-to-month,No,Electronic check,No,No,1
CUST-0254,0,28,46.7,1203.87,Month-to-month,No,Electronic check,Yes,Yes,1
CUST-0255,0,64,107.86,6718.35,Month-to-month,Fiber optic,Bank transfer,Yes,Yes,0
CUST-0256,0,69,99.74,6323.85,Two year,DSL,Mailed check,Yes,No,0
CUST-0257,0,61,85.85,4732.38,One year,Fiber optic,Credit card,Yes,No,1
CUST-0258,0,48,105.06,4660.29,One year,Fiber optic,Mailed check,No,Yes,1
CUST-0259,0,19,106.73,1975.63,Month-to-month,Fiber optic,Credit card,Yes,No,1
CUST-0260,0,4,90.84,327.13,One year,DSL,Electronic check,No,No,1
CUST-0261,0,35,103.7,3179.68,Month-to-month,DSL,Bank transfer,Yes,Yes,1
CUST-0262,0,64,89.75,5495.87,One year,Fiber optic,Bank transfer,Yes,No,1
CUST-0263,0,49,88.01,4199.92,Month-to-month,Fiber optic,Mailed check,No,Yes,0
CUST-0264,0,17,81.86,1203.88,Month-to-month,DSL,Bank transfer,Yes,Yes,0
CUST-0265,0,44,95.27,3713.93,One year,DSL,Mailed check,No,Yes,0
CUST-0266,0,30,35.86,937.34,Two year,Fiber optic,Mailed check,Yes,Yes,0
CUST-0267,1,46,108.09,4485.82,Month-to-month,No,Credit card,Yes,No,0
CUST-0268,1,6,107.18,590.06,Two year,No,Mailed check,Yes,Yes,0
CUST-0269,0,37,22.92,816.09,Month-to-month,Fiber optic,Credit card,Yes,Yes,0
CUST-0270,0,24,102.58,2333.09,Month-to-month,Fiber optic,Bank transfer,Yes,Yes,1
CUST-0271,0,46,32.89,1426.91,Month-to-month,DSL,Mailed check,No,Yes,0
CUST-0272,0,53,53.51,2560.53,Month-to-month,Fiber optic,Mailed check,No,No,0
CUST-0273,0,60,94.35,5526.37,Month-to-month,Fiber optic,Electronic check,Yes,No,1
CUST-0274,0,63,36.08,2092.77,Month-to-month,Fiber optic,Mailed check,Yes,No,1
CUST-0275,0,32,101.8,3247.39,Month-to-month,Fiber optic,Mailed check,No,Yes,1
CUST-0276,0,33,103.21,3219.02,Two year,DSL,Electronic check,No,No,0
CUST-0277,0,67,70.75,4118.99,Month-to-month,DSL,Electronic check,Yes,No,0
CUST-0278,0,18,20.64,353.47,One year,DSL,Bank transfer,Yes,Yes,0
CUST-0279,0,25,48.7,1094.25,Month-to-month,DSL,Mailed check,No,No,1
CUST-0280,1,54,81.69,4203.71,One year,DSL,Bank transfer,Yes,Yes,0
CUST-0281,0,58,118.12,5894.88,Month-to-month,No,Bank transfer,No,No,1
CUST-0282,0,67,83.18,4883.29,Month-to-month,Fiber optic,Electronic check,Yes,No,0
CUST-0283,0,46,45.98,2069.31,Month-to-month,Fiber optic,Credit card,No,No,1
CUST-0284,1,24,83.4,1769.57,Month-to-month,No,Bank transfer,No,No,1
CUST-0285,0,32,74.0,2310.12,Month-to-month,No,Credit card,Yes,Yes,0
CUST-0286,0,47,97.98,4107.21,One year,Fiber optic,Mailed check,No,Yes,0
CUST-0287,0,23,30.7,668.28,Two year,No,Electronic check,Yes,No,0
CUST-0288,0,66,96.1,6051.62,Two year,DSL,Mailed check,Yes,Yes,0
CUST-0289,0,27,74.13,1855.2,One year,DSL,Mailed check,Yes,No,0
CUST-0290,0,2,116.3,208.36,Month-to-month,Fiber optic,Electronic check,Yes,No,0
CUST-0291,0,17,54.19,812.43,Month-to-month,Fiber optic,Mailed check,No,No,1
CUST-0292,1,33,83.26,2349.12,Month-to-month,Fiber optic,Electronic check,Yes,No,1
CUST-0293,0,9,113.2,912.43,Month-to-month,DSL,Credit card,Yes,No,1
CUST-0294,0,43,30.25,1233.08,Month-to-month,DSL,Mailed check,Yes,No,1
CUST-0295,0,48,113.72,5408.04,Month-to-month,Fiber optic,Electronic check,Yes,Yes,0
CUST-0296,0,39,88.79,3395.91,Month-to-month,DSL,Bank transfer,No,Yes,0
CUST-0297,1,42,26.78,1085.29,Month-to-month,Fiber optic,Mailed check,Yes,No,1
CUST-0298,0,26,50.1,1261.26,Two year,Fiber optic,Credit card,No,Yes,0
CUST-0299,0,50,90.82,4312.8,One year,Fiber optic,Electronic check,No,No,0
CUST-0300,0,25,26.74,594.33,Month-to-month,Fiber optic,Mailed check,No,Yes,1
CUST-0301,0,24,78.22,1851.15,Two year,No,Mailed check,Yes,Yes,0
CUST-0302,0,13,54.59,674.62,Two year,Fiber optic,Mailed check,Yes,Yes,0
CUST-0303,0,60,82.09,4600.65,Month-to-month,Fiber optic,Credit card,Yes,No,1
CUST-0304,0,7,24.57,149.05,Month-to-month,Fiber optic,Electronic check,Yes,Yes,0
CUST-0305,0,57,107.15,5600.98,Month-to-month,DSL,Bank transfer,No,No,0
CUST-0306,0,36,117.35,3882.63,Two year,DSL,Bank transfer,No,No,0
CUST-0307,0,45,116.89,5153.19,Two year,DSL,Bank transfer,Yes,No,0
CUST-0308,1,20,94.97,1770.24,Month-to-month,Fiber optic,Electronic check,Yes,Yes,1
CUST-0309,0,65,33.01,1946.23,Month-to-month,Fiber optic,Bank transfer,Yes,Yes,1
CUST-0310,0,8,95.83,763.97,One year,No,Credit card,Yes,Yes,0
CUST-0311,0,16,22.46,311.42,Month-to-month,DSL,Electronic check,Yes,No,0
CUST-0312,0,14,22.21,284.01,Month-to-month,DSL,Mailed check,Yes,No,0
CUST-0313,0,15,52.36,672.54,Two year,No,Credit card,Yes,Yes,0
CUST-0314,1,66,68.86,4367.45,One year,DSL,Mailed check,No,No,1
CUST-0315,0,32,97.04,3067.12,Two year,Fiber optic,Bank transfer,No,Yes,1
CUST-0316,1,63,88.33,4963.82,Two year,Fiber optic,Credit card,No,Yes,0
CUST-0317,0,51,64.59,3224.09,One year,Fiber optic,Electronic check,No,Yes,0
CUST-0318,0,25,47.36,1058.3,Month-to-month,DSL,Credit card,Yes,Yes,0
CUST-0319,1,58,119.71,6850.25,One year,DSL,Mailed check,Yes,No,0
CUST-0320,0,63,62.62,3799.46,Month-to-month,DSL,Electronic check,Yes,Yes,1
CUST-0321,1,62,65.14,3920.49,One year,Fiber optic,Credit card,Yes,Yes,0
CUST-0322,0,22,36.36,682.09,Month-to-month,Fiber optic,Credit card,Yes,Yes,1
CUST-0323,1,58,99.48,5737.65,One year,DSL,Credit card,No,Yes,0
CUST-0324,0,58,89.37,4970.94,Month-to-month,Fiber optic,Credit card,Yes,Yes,1
CUST-0325,0,49,42.08,1846.89,Month-to-month,No,Electronic check,No,Yes,0
CUST-0326,0,52,28.24,1430.9,Month-to-month,DSL,Mailed check,Yes,Yes,1
CUST-0327,0,42,88.05,3299.55,Month-to-month,Fiber optic,Credit card,No,No,0
CUST-0328,0,70,85.45,5867.33,One year,Fiber optic,Electronic check,Yes,No,0
CUST-0329,0,15,47.33,615.45,One year,DSL,Mailed check,No,No,0
CUST-0330,0,54,115.09,5938.63,Month-to-month,DSL,Credit card,Yes,No,0
CUST-0331,0,60,35.11,1961.47,Month-to-month,Fiber optic,Mailed check,Yes,Yes,0
CUST-0332,0,8,63.23,437.29,Month-to-month,No,Mailed check,Yes,No,1
CUST-0333,0,53,114.36,5371.84,Month-to-month,No,Electronic check,Yes,No,0
CUST-0334,0,60,61.97,3167.39,Month-to-month,Fiber optic,Mailed check,No,No,0
CUST-0335,0,5,83.85,385.84,Two year,Fiber optic,Electronic check,Yes,Yes,1
CUST-0336,0,68,59.76,3637.76,Month-to-month,Fiber optic,Credit card,No,No,1
CUST-0337,0,6,47.42,267.38,Month-to-month,Fiber optic,Mailed check,Yes,No,1
CUST-0338,0,47,118.4,4978.19,Month-to-month,Fiber optic,Mailed check,No,Yes,0
CUST-0339,1,55,60.93,2999.24,Month-to-month,DSL,Bank transfer,Yes,No,0
CUST-0340,0,40,109.41,4207.82,Month-to-month,Fiber optic,Credit card,Yes,Yes,1
CUST-0341,0,52,43.0,1916.75,One year,Fiber optic,Credit card,No,No,1
CUST-0342,0,16,41.31,651.33,Month-to-month,Fiber optic,Bank transfer,Yes,Yes,1
CUST-0343,0,13,23.11,293.77,Month-to-month,No,Bank transfer,Yes,No,0
CUST-0344,0,30,85.17,2427.78,Month-to-month,DSL,Electronic check,No,No,1
CUST-0345,0,19,56.85,1014.24,Month-to-month,DSL,Electronic check,Yes,No,0
CUST-0346,0,17,106.44,1780.25,Month-to-month,DSL,Mailed check,No,Yes,0
CUST-0347,0,63,67.32,3722.89,Two year,Fiber optic,Mailed check,Yes,No,0
CUST-0348,0,19,116.82,1912.93,One year,Fiber optic,Mailed check,No,Yes,0
CUST-0349,0,58,38.55,1980.84,One year,DSL,Mailed check,No,Yes,0
CUST-0350,1,55,106.86,5696.2,Month-to-month,Fiber optic,Electronic check,No,Yes,1
CUST-0351,0,62,97.66,5178.17,Month-to-month,Fiber optic,Credit card,No,Yes,1
CUST-0352,0,23,97.09,2093.33,Month-to-month,Fiber optic,Mailed check,Yes,No,1
CUST-0353,1,9,104.48,939.68,One year,Fiber optic,Credit card,Yes,No,1
CUST-0354,0,12,96.1,1128.24,One year,Fiber optic,Mailed check,No,No,0
CUST-0355,0,1,82.62,76.69,Month-to-month,No,Bank transfer,Yes,Yes,0
CUST-0356,0,58,33.12,1651.15,Month-to-month,DSL,Mailed check,Yes,No,1
CUST-0357,1,1,23.25,22.66,Month-to-month,DSL,Mailed check,Yes,Yes,0
CUST-0358,1,34,112.08,3581.49,Two year,Fiber optic,Mailed check,No,Yes,0
CUST-0359,0,48,81.67,3399.72,One year,No,Electronic check,Yes,Yes,0
CUST-0360,0,1,99.65,86.11,Month-to-month,Fiber optic,Bank transfer,Yes,No,1
CUST-0361,0,16,68.15,1075.62,Month-to-month,DSL,Mailed check,No,No,0
CUST-0362,0,61,31.73,1839.49,One year,DSL,Mailed check,Yes,Yes,0
CUST-0363,0,64,32.52,2027.98,Month-to-month,Fiber optic,Credit card,No,No,1
CUST-0364,1,63,88.56,5478.0,Month-to-month,DSL,Bank transfer,No,No,1
CUST-0365,0,69,63.03,4069.71,Month-to-month,Fiber optic,Mailed check,No,Yes,0
CUST-0366,0,22,40.05,817.32,One year,No,Credit card,Yes,Yes,0
CUST-0367,0,67,69.16,4237.83,Month-to-month,Fiber optic,Credit card,Yes,No,0
CUST-0368,0,26,26.42,616.54,Month-to-month,Fiber optic,Electronic check,No,Yes,0
CUST-0369,0,16,78.2,1145.08,Two year,Fiber optic,Credit card,No,Yes,0
CUST-0370,0,51,46.9,2310.77,Month-to-month,DSL,Mailed check,No,No,0
CUST-0371,1,57,99.76,5346.78,Month-to-month,No,Electronic check,No,No,1
CUST-0372,1,29,51.04,1456.3,Month-to-month,Fiber optic,Electronic check,No,Yes,1
CUST-0373,0,69,65.52,4143.42,Month-to-month,Fiber optic,Mailed check,No,No,0
CUST-0374,1,47,21.16,935.91,One year,Fiber optic,Bank transfer,Yes,Yes,0
CUST-0375,0,62,27.24,1595.48,Month-to-month,Fiber optic,Credit card,No,Yes,0
CUST-0376,0,69,59.25,3837.86,Month-to-month,Fiber optic,Electronic check,No,No,1
CUST-0377,0,16,67.99,1039.32,One year,DSL,Bank transfer,No,Yes,0
CUST-0378,0,48,80.0,3400.76,One year,No,Mailed check,Yes,Yes,0
CUST-0379,1,39,49.17,1777.36,One year,No,Credit card,Yes,Yes,0
CUST-0380,0,33,89.5,2556.65,Month-to-month,Fiber optic,Credit card,Yes,No,1
CUST-0381,0,23,106.01,2213.12,Month-to-month,No,Electronic check,Yes,No,0
CUST-0382,0,10,97.99,904.59,One year,DSL,Credit card,No,No,1
CUST-0383,0,69,23.96,1567.0,Month-to-month,Fiber optic,Credit card,Yes,Yes,1
CUST-0384,0,34,68.05,2296.53,Two year,Fiber optic,Credit card,No,Yes,0
CUST-0385,0,52,30.49,1490.51,Two year,Fiber optic,Credit card,No,No,1
CUST-0386,0,10,44.2,425.0,Two year,Fiber optic,Mailed check,No,No,0
CUST-0387,0,19,118.67,2087.74,Month-to-month,DSL,Bank transfer,No,No,0
CUST-0388,0,58,34.25,1877.47,Month-to-month,DSL,Mailed check,No,Yes,0
CUST-0389,0,1,69.89,60.15,One year,Fiber optic,Mailed check,No,No,0
CUST-0390,0,69,81.82,5014.17,Month-to-month,DSL,Electronic check,Yes,Yes,0
CUST-0391,0,4,90.25,326.44,Month-to-month,Fiber optic,Credit card,Yes,No,1
CUST-0392,0,16,75.96,1119.19,Two year,DSL,Mailed check,Yes,Yes,0
CUST-0393,0,24,20.98,431.44,Two year,DSL,Credit card,Yes,Yes,1
CUST-0394,0,2,52.65,91.72,Month-to-month,Fiber optic,Mailed check,Yes,No,0
CUST-0395,1,32,71.77,2047.51,Month-to-month,Fiber optic,Mailed check,No,Yes,1
CUST-0396,0,24,28.79,688.01,Month-to-month,No,Electronic check,Yes,No,1
CUST-0397,0,12,55.06,594.45,Two year,Fiber optic,Bank transfer,Yes,Yes,0
CUST-0398,1,50,23.32,1075.41,Two year,DSL,Bank transfer,Yes,Yes,1
CUST-0399,0,35,27.86,857.52,Month-to-month,No,Mailed check,No,No,0
CUST-0400,0,33,59.69,1854.77,Month-to-month,Fiber optic,Electronic check,No,Yes,1
CUST-0401,0,33,33.27,979.45,Two year,DSL,Credit card,No,No,0
CUST-0402,1,61,76.75,4124.85,Month-to-month,Fiber optic,Credit card,Yes,No,1
CUST-0403,1,51,88.95,4207.49,Month-to-month,No,Mailed check,Yes,No,0
CUST-0404,0,43,100.06,3660.75,Two year,Fiber optic,Bank transfer,Yes,Yes,0
CUST-0405,0,12,40.02,408.76,Month-to-month,DSL,Electronic check,Yes,Yes,1
CUST-0406,0,67,36.75,2173.82,One year,DSL,Bank transfer,Yes,Yes,0
CUST-0407,1,65,30.46,1693.82,Month-to-month,DSL,Credit card,No,No,1
CUST-0408,1,33,83.64,2390.83,Month-to-month,Fiber optic,Bank transfer,Yes,No,1
CUST-0409,0,40,90.65,3266.41,Two year,Fiber optic,Credit card,No,Yes,0
CUST-0410,0,43,23.16,966.39,Month-to-month,DSL,Electronic check,Yes,Yes,1
CUST-0411,0,44,113.62,4678.36,Two year,No,Electronic check,No,No,0
CUST-0412,0,29,25.2,677.38,One year,Fiber optic,Mailed check,No,Yes,0
CUST-0413,0,13,74.13,861.56,Month-to-month,Fiber optic,Mailed check,No,No,1
CUST-0414,0,12,90.91,1079.75,Month-to-month,No,Bank transfer,No,Yes,1
CUST-0415,0,46,107.1,4481.0,Month-to-month,DSL,Electronic check,Yes,No,1
CUST-0416,0,2,91.41,157.79,Month-to-month,Fiber optic,Electronic check,Yes,Yes,1
CUST-0417,1,35,100.17,3304.57,Month-to-month,Fiber optic,Mailed check,Yes,Yes,0
CUST-0418,0,8,53.95,374.23,Month-to-month,No,Credit card,No,No,1
CUST-0419,0,26,101.48,2379.34,Month-to-month,Fiber optic,Bank transfer,Yes,No,1
CUST-0420,0,34,28.01,881.97,One year,DSL,Bank transfer,Yes,No,0
CUST-0421,1,7,109.48,751.9,One year,No,Mailed check,Yes,Yes,1
CUST-0422,0,68,74.76,4697.48,One year,DSL,Electronic check,Yes,No,0
CUST-0423,0,58,101.73,5636.82,Month-to-month,No,Mailed check,No,No,1
CUST-0424,0,29,65.23,1889.63,Month-to-month,No,Mailed check,No,Yes,1
CUST-0425,0,36,84.36,2641.32,One year,DSL,Mailed check,Yes,No,0
CUST-0426,0,21,72.64,1359.49,Month-to-month,Fiber optic,Mailed check,Yes,No,1
CUST-0427,0,36,93.16,3049.19,Month-to-month,DSL,Credit card,Yes,No,0
CUST-0428,1,10,28.16,257.18,Two year,Fiber optic,Credit card,No,Yes,0
CUST-0429,0,24,26.04,569.75,One year,Fiber optic,Electronic check,No,Yes,0
CUST-0430,1,64,44.71,2821.79,Month-to-month,Fiber optic,Mailed check,No,Yes,1
CUST-0431,0,49,35.95,1685.99,Month-to-month,No,Credit card,Yes,No,1
CUST-0432,0,36,107.18,3631.55,One year,Fiber optic,Electronic check,No,Yes,0
CUST-0433,0,24,41.92,901.86,One year,Fiber optic,Mailed check,No,No,0
CUST-0434,0,23,117.59,2633.08,One year,No,Bank transfer,No,No,0
CUST-0435,0,62,53.69,3306.34,One year,No,Credit card,No,No,0
CUST-0436,0,37,38.21,1375.85,Two year,DSL,Electronic check,No,Yes,0
CUST-0437,0,12,98.97,1009.77,Month-to-month,No,Bank transfer,Yes,Yes,1
CUST-0438,0,55,85.87,4465.27,Month-to-month,DSL,Mailed check,Yes,No,0
CUST-0439,0,13,69.82,778.47,One year,No,Mailed check,Yes,No,0
CUST-0440,1,23,75.54,1543.94,One year,DSL,Mailed check,Yes,Yes,0
CUST-0441,0,30,91.92,2368.58,One year,DSL,Credit card,No,Yes,0
CUST-0442,0,17,42.85,685.16,Month-to-month,Fiber optic,Electronic check,Yes,Yes,1
CUST-0443,0,62,119.63,7068.37,Month-to-month,Fiber optic,Bank transfer,Yes,No,0
CUST-0444,0,13,117.48,1324.38,Two year,Fiber optic,Electronic check,Yes,Yes,0
CUST-0445,0,59,85.03,4553.1,One year,DSL,Credit card,No,Yes,0
CUST-0446,1,19,39.95,697.14,Two year,Fiber optic,Electronic check,Yes,Yes,0
CUST-0447,0,49,88.02,3904.79,One year,No,Credit card,No,No,0
CUST-0448,0,12,27.22,283.57,One year,Fiber optic,Mailed check,No,Yes,0
CUST-0449,0,61,23.07,1284.62,One year,DSL,Bank transfer,No,No,0
CUST-0450,0,19,45.77,837.17,Two year,Fiber optic,Mailed check,Yes,No,0
CUST-0451,0,9,66.26,513.24,One year,DSL,Electronic check,No,No,0
CUST-0452,0,71,106.83,6538.41,One year,No,Mailed check,Yes,Yes,0
CUST-0453,0,28,92.72,2344.89,Month-to-month,No,Bank transfer,Yes,Yes,0
CUST-0454,1,52,94.27,4859.19,Month-to-month,Fiber optic,Mailed check,Yes,Yes,0
CUST-0455,0,16,62.55,951.05,One year,Fiber optic,Bank transfer,No,No,0
CUST-0456,0,69,54.59,3585.16,Month-to-month,Fiber optic,Bank transfer,No,Yes,0
CUST-0457,0,12,57.1,619.62,Month-to-month,Fiber optic,Mailed check,Yes,No,1
CUST-0458,0,25,118.76,2788.04,Month-to-month,No,Credit card,No,Yes,1
CUST-0459,0,52,24.01,1063.14,Month-to-month,Fiber optic,Electronic check,No,Yes,1
CUST-0460,0,53,106.7,5346.41,Month-to-month,Fiber optic,Credit card,No,Yes,1
CUST-0461,1,23,77.87,1767.71,Month-to-month,Fiber optic,Credit card,Yes,Yes,0
CUST-0462,1,16,63.86,962.38,Two year,Fiber optic,Mailed check,No,No,0
CUST-0463,1,57,92.53,5174.29,Month-to-month,No,Electronic check,No,No,1
CUST-0464,0,39,68.67,2567.24,Month-to-month,Fiber optic,Electronic check,Yes,No,1
CUST-0465,0,53,107.34,4938.55,Month-to-month,Fiber optic,Credit card,No,No,1
CUST-0466,0,42,110.07,4555.3,One year,DSL,Mailed check,Yes,Yes,0
CUST-0467,0,58,62.17,3100.92,Month-to-month,Fiber optic,Electronic check,No,No,1
CUST-0468,0,39,47.68,1729.53,Two year,Fiber optic,Credit card,No,No,0
CUST-0469,0,14,79.24,966.61,One year,DSL,Electronic check,No,No,0
CUST-0470,0,5,111.24,473.75,One year,DSL,Mailed check,No,Yes,1
CUST-0471,0,35,41.07,1312.83,Month-to-month,Fiber optic,Mailed check,No,No,1
CUST-0472,0,18,82.3,1324.75,One year,Fiber optic,Mailed check,No,No,1
CUST-0473,0,9,83.16,690.74,Month-to-month,Fiber optic,Electronic check,Yes,Yes,1
CUST-0474,0,58,93.31,5068.75,Two year,DSL,Bank transfer,No,Yes,0
CUST-0475,0,17,33.16,482.86,One year,Fiber optic,Electronic check,No,No,0
CUST-0476,0,7,91.58,556.73,Month-to-month,DSL,Bank transfer,No,No,1
CUST-0477,0,46,110.9,4763.67,Month-to-month,Fiber optic,Mailed check,Yes,Yes,1
CUST-0478,0,13,37.97,444.98,Month-to-month,DSL,Credit card,Yes,No,1
CUST-0479,0,40,43.75,1678.91,One year,DSL,Bank transfer,Yes,Yes,1
CUST-0480,0,42,117.14,4663.28,Month-to-month,DSL,Mailed check,No,No,0
CUST-0481,0,9,38.1,334.96,One year,Fiber optic,Mailed check,No,No,1
CUST-0482,0,50,105.44,5028.82,Month-to-month,DSL,Bank transfer,Yes,No,0
CUST-0483,0,27,69.23,1709.37,One year,Fiber optic,Credit card,Yes,No,0
CUST-0484,0,66,44.72,2806.73,Two year,Fiber optic,Mailed check,Yes,No,0
CUST-0485,0,5,107.07,477.16,One year,Fiber optic,Bank transfer,No,Yes,0
CUST-0486,1,29,64.53,1676.65,One year,Fiber optic,Credit card,Yes,Yes,0
CUST-0487,0,37,71.48,2561.05,Month-to-month,No,Credit card,No,No,1
CUST-0488,0,38,55.92,1948.51,Month-to-month,DSL,Mailed check,No,No,0
CUST-0489,0,8,79.3,615.21,One year,Fiber optic,Electronic check,No,No,1
CUST-0490,0,65,36.35,2299.81,Month-to-month,DSL,Electronic check,Yes,Yes,1
CUST-0491,0,17,59.11,983.4,Month-to-month,DSL,Mailed check,No,Yes,0
CUST-0492,0,71,116.94,8198.92,Month-to-month,Fiber optic,Credit card,Yes,Yes,1
CUST-0493,1,45,45.81,1885.5,Month-to-month,Fiber optic,Mailed check,Yes,Yes,0
CUST-0494,0,4,85.67,307.67,Month-to-month,No,Bank transfer,Yes,Yes,1
CUST-0495,0,36,52.52,1772.23,Two year,Fiber optic,Electronic check,Yes,Yes,0
CUST-0496,0,70,97.35,6171.73,Month-to-month,No,Bank transfer,No,Yes,1
CUST-0497,1,31,33.09,964.41,One year,DSL,Mailed check,No,Yes,0
CUST-0498,0,19,116.98,2124.46,Month-to-month,DSL,Mailed check,No,No,1
CUST-0499,0,61,65.38,3801.78,One year,DSL,Credit card,No,Yes,0
CUST-0500,0,54,43.61,2134.01,Month-to-month,DSL,Credit card,Yes,Yes,1
CUST-0501,0,39,27.35,933.35,Two year,Fiber optic,Credit card,Yes,Yes,0
CUST-0502,0,19,36.98,642.6,Two year,Fiber optic,Bank transfer,Yes,Yes,0
CUST-0503,0,39,71.98,2446.18,Month-to-month,DSL,Credit card,Yes,No,0
CUST-0504,0,67,53.7,3538.59,Two year,No,Mailed check,No,Yes,0
CUST-0505,0,45,102.89,4175.76,Two year,No,Credit card,Yes,No,0
CUST-0506,1,13,63.09,716.15,Two year,DSL,Electronic check,No,No,0
CUST-0507,0,58,44.87,2222.03,Two year,DSL,Credit card,Yes,No,0
CUST-0508,1,20,81.71,1547.38,Month-to-month,DSL,Bank transfer,Yes,Yes,1
CUST-0509,0,61,90.68,5230.21,One year,DSL,Electronic check,Yes,Yes,0
CUST-0510,0,39,36.7,1289.73,Month-to-month,DSL,Electronic check,Yes,Yes,0
CUST-0511,0,1,36.76,31.64,Month-to-month,Fiber optic,Electronic check,No,No,1
CUST-0512,0,3,23.67,64.72,Two year,DSL,Bank transfer,No,No,0
CUST-0513,0,62,93.64,5205.85,Month-to-month,Fiber optic,Mailed check,No,No,1
CUST-0514,0,63,86.38,5178.38,One year,No,Credit card,No,No,1
CUST-0515,0,25,67.46,1586.77,Two year,Fiber optic,Electronic check,Yes,Yes,0
CUST-0516,0,56,104.42,5290.19,Two year,No,Electronic check,Yes,Yes,0
CUST-0517,0,33,100.57,2929.46,Two year,DSL,Electronic check,No,Yes,0
CUST-0518,0,38,78.54,2979.16,Month-to-month,Fiber optic,Mailed check,No,No,1
CUST-0519,0,6,106.83,588.48,Month-to-month,Fiber optic,Mailed check,Yes,No,1
CUST-0520,0,58,40.58,2243.59,Month-to-month,DSL,Bank transfer,Yes,Yes,0
CUST-0521,1,44,31.19,1195.44,Month-to-month,DSL,Mailed check,No,Yes,0
CUST-0522,0,45,46.97,1950.56,Month-to-month,Fiber optic,Credit card,No,No,1
CUST-0523,0,32,25.71,702.71,Month-to-month,Fiber optic,Bank transfer,No,Yes,1
CUST-0524,0,45,73.12,3046.31,One year,Fiber optic,Bank transfer,Yes,Yes,1
CUST-0525,0,61,113.66,6895.84,One year,Fiber optic,Credit card,No,No,1
CUST-0526,1,47,23.93,1020.82,Month-to-month,Fiber optic,Credit card,No,No,1
CUST-0527,0,21,32.21,578.91,One year,DSL,Credit card,No,No,0
CUST-0528,0,36,65.22,2006.63,Month-to-month,DSL,Bank transfer,No,Yes,1
CUST-0529,0,19,113.39,1956.63,Month-to-month,DSL,Bank transfer,No,No,1
CUST-0530,0,20,51.62,902.32,One year,DSL,Bank transfer,Yes,Yes,0
CUST-0531,1,57,70.72,3440.5,One year,No,Credit card,No,Yes,0
CUST-0532,0,18,24.16,418.98,One year,Fiber optic,Credit card,Yes,No,1
CUST-0533,0,47,34.83,1504.05,Month-to-month,Fiber optic,Electronic check,No,Yes,1
CUST-0534,0,49,118.66,5194.45,Two year,DSL,Mailed check,No,No,0
CUST-0535,0,14,116.51,1606.69,One year,Fiber optic,Electronic check,No,No,1
CUST-0536,0,15,20.49,266.6,One year,DSL,Credit card,Yes,Yes,0
CUST-0537,0,31,115.18,3546.97,One year,DSL,Bank transfer,Yes,Yes,0
CUST-0538,0,1,83.91,75.28,Two year,DSL,Credit card,Yes,No,0
CUST-0539,1,54,106.79,5670.13,One year,Fiber optic,Mailed check,No,No,1
CUST-0540,0,3,65.47,184.71,One year,Fiber optic,Electronic check,No,No,0
CUST-0541,0,16,71.56,1115.2,Two year,Fiber optic,Electronic check,Yes,No,0
CUST-0542,0,57,68.88,3916.74,One year,Fiber optic,Bank transfer,Yes,No,0
CUST-0543,1,12,86.69,929.24,Month-to-month,No,Electronic check,No,No,1
CUST-0544,0,16,33.97,540.35,One year,DSL,Electronic check,Yes,Yes,0
CUST-0545,0,24,23.0,501.45,Month-to-month,DSL,Credit card,No,Yes,1
CUST-0546,0,28,50.79,1291.04,Month-to-month,DSL,Electronic check,Yes,Yes,0
CUST-0547,0,8,90.47,652.15,One year,Fiber optic,Electronic check,Yes,Yes,0
CUST-0548,0,36,40.19,1347.31,Two year,No,Electronic check,Yes,No,0
CUST-0549,0,8,87.34,610.07,Two year,DSL,Bank transfer,No,Yes,0
CUST-0550,0,58,116.99,6331.18,Month-to-month,No,Bank transfer,No,Yes,1
CUST-0551,0,60,29.39,1642.18,Month-to-month,No,Credit card,Yes,No,0
CUST-0552,0,50,87.26,4207.18,Month-to-month,DSL,Electronic check,No,Yes,0
CUST-0553,1,28,64.38,1757.66,Two year,Fiber optic,Bank transfer,No,No,0
CUST-0554,1,41,106.81,4011.65,Two year,Fiber optic,Bank transfer,No,No,0
CUST-0555,0,64,37.71,2160.87,One year,No,Credit card,No,No,0
CUST-0556,0,27,89.26,2142.27,Two year,DSL,Mailed check,Yes,No,0
CUST-0557,0,63,103.81,5749.95,One year,Fiber optic,Electronic check,No,No,0
CUST-0558,0,17,114.46,1670.77,One year,DSL,Bank transfer,No,Yes,0
CUST-0559,0,33,88.32,2627.09,Month-to-month,Fiber optic,Credit card,Yes,Yes,1
CUST-0560,0,29,69.72,1800.56,Month-to-month,Fiber optic,Credit card,No,Yes,0
CUST-0561,0,13,81.78,1057.78,One year,Fiber optic,Credit card,No,No,1
CUST-0562,0,46,106.89,4590.73,One year,No,Bank transfer,No,Yes,0
CUST-0563,0,35,77.06,2433.03,Month-to-month,No,Electronic check,Yes,Yes,1
CUST-0564,0,6,23.04,129.54,Two year,No,Mailed check,Yes,Yes,0
CUST-0565,0,69,113.09,6795.66,Month-to-month,DSL,Electronic check,No,Yes,1
CUST-0566,0,47,88.95,3832.01,Month-to-month,Fiber optic,Credit card,No,No,1
CUST-0567,0,25,87.65,2068.4,One year,DSL,Credit card,Yes,Yes,0
CUST-0568,0,66,41.57,2533.28,One year,Fiber optic,Mailed check,Yes,No,1
CUST-0569,0,10,85.89,781.83,One year,Fiber optic,Electronic check,Yes,No,1
CUST-0570,0,56,59.39,3322.77,Month-to-month,Fiber optic,Credit card,No,Yes,0
CUST-0571,1,30,85.12,2507.76,Month-to-month,Fiber optic,Credit card,No,No,1
CUST-0572,0,5,30.66,144.64,One year,No,Electronic check,Yes,No,0
CUST-0573,0,33,85.78,2647.89,One year,DSL,Credit card,No,No,0
CUST-0574,0,65,119.94,7352.49,Month-to-month,Fiber optic,Electronic check,No,No,1
CUST-0575,1,18,24.82,393.24,One year,Fiber optic,Credit card,No,No,1
CUST-0576,1,49,117.72,5244.93,Month-to-month,DSL,Electronic check,No,No,1
CUST-0577,0,11,60.69,571.4,One year,DSL,Mailed check,No,No,1
CUST-0578,1,26,107.08,2565.06,Two year,No,Credit card,No,Yes,0
CUST-0579,0,63,98.24,5764.88,Month-to-month,No,Mailed check,No,Yes,0
CUST-0580,0,59,76.7,4001.1,Month-to-month,No,Credit card,Yes,No,0
CUST-0581,0,27,93.84,2520.01,One year,No,Credit card,Yes,No,0
CUST-0582,0,49,107.85,5212.87,One year,DSL,Bank transfer,Yes,Yes,0
CUST-0583,1,33,60.41,1910.44,One year,Fiber optic,Electronic check,Yes,Yes,0
CUST-0584,0,1,52.7,49.01,Two year,Fiber optic,Mailed check,Yes,Yes,0
CUST-0585,1,21,86.76,1786.42,Two year,Fiber optic,Mailed check,Yes,Yes,0
CUST-0586,0,55,100.78,4820.09,Two year,Fiber optic,Mailed check,Yes,No,0
CUST-0587,0,6,96.23,559.24,Month-to-month,Fiber optic,Electronic check,Yes,No,1
CUST-0588,0,69,99.78,5981.0,Month-to-month,Fiber optic,Bank transfer,Yes,Yes,0
CUST-0589,0,5,63.56,307.99,Month-to-month,Fiber optic,Mailed check,No,Yes,0
CUST-0590,0,3,101.78,272.17,Month-to-month,DSL,Electronic check,No,Yes,1
CUST-0591,0,53,32.02,1665.77,One year,Fiber optic,Credit card,Yes,Yes,0
CUST-0592,1,23,74.45,1697.98,Month-to-month,Fiber optic,Mailed check,No,No,1
CUST-0593,0,53,20.58,951.47,Two year,Fiber optic,Mailed check,No,Yes,0
CUST-0594,0,37,52.46,1784.58,One year,DSL,Bank transfer,Yes,Yes,0
CUST-0595,0,17,56.65,960.3,One year,Fiber optic,Mailed check,Yes,Yes,0
CUST-0596,0,1,59.62,55.0,Month-to-month,DSL,Mailed check,Yes,No,0
CUST-0597,1,51,89.55,4473.57,Month-to-month,Fiber optic,Credit card,No,No,1
CUST-0598,0,45,58.86,2485.3,Month-to-month,Fiber optic,Electronic check,No,No,0
CUST-0599,0,4,64.87,235.17,Month-to-month,Fiber optic,Electronic check,Yes,Yes,0
CUST-0600,0,62,43.75,2421.9,Month-to-month,DSL,Bank transfer,No,Yes,0
CUST-0601,0,65,57.33,3281.08,One year,Fiber optic,Credit card,No,Yes,0
CUST-0602,0,32,42.73,1318.5,Two year,Fiber optic,Electronic check,No,No,0
CUST-0603,0,34,27.32,843.41,Two year,Fiber optic,Credit card,Yes,No,0
CUST-0604,0,39,80.34,2903.56,One year,Fiber optic,Electronic check,No,Yes,1
CUST-0605,0,26,86.82,2085.42,Month-to-month,Fiber optic,Credit card,No,Yes,1
CUST-0606,0,34,81.95,2609.63,Two year,Fiber optic,Bank transfer,No,No,1
CUST-0607,0,54,66.35,3510.66,Two year,DSL,Mailed check,No,Yes,0
CUST-0608,0,3,57.98,173.44,Month-to-month,DSL,Bank transfer,No,Yes,0
CUST-0609,0,50,106.33,4844.06,One year,Fiber optic,Electronic check,No,Yes,1
CUST-0610,0,12,71.91,840.59,Month-to-month,Fiber optic,Bank transfer,No,No,0
CUST-0611,0,65,67.92,4258.87,Two year,Fiber optic,Mailed check,Yes,Yes,0
CUST-0612,1,54,22.56,1140.31,Two year,DSL,Bank transfer,Yes,Yes,0
CUST-0613,0,5,54.12,268.82,Month-to-month,DSL,Electronic check,No,Yes,0
CUST-0614,0,57,58.02,2910.52,Two year,Fiber optic,Electronic check,Yes,Yes,0
CUST-0615,1,17,59.88,881.95,One year,DSL,Bank transfer,No,No,0
CUST-0616,0,47,78.02,3586.61,Two year,Fiber optic,Mailed check,No,No,0
CUST-0617,0,23,73.36,1545.33,Month-to-month,DSL,Bank transfer,No,No,1
CUST-0618,0,14,80.79,1105.1,Two year,Fiber optic,Mailed check,Yes,Yes,0
CUST-0619,0,66,96.49,6266.21,Month-to-month,No,Credit card,No,No,1
CUST-0620,0,51,101.3,4439.76,Month-to-month,DSL,Mailed check,No,Yes,0
CUST-0621,0,38,91.81,3427.8,Month-to-month,Fiber optic,Credit card,Yes,No,1
CUST-0622,1,64,115.55,6783.23,Two year,DSL,Bank transfer,Yes,Yes,0
CUST-0623,0,38,21.82,768.27,Two year,Fiber optic,Mailed check,No,No,0
CUST-0624,0,50,39.58,1868.15,Two year,Fiber optic,Credit card,Yes,No,0
CUST-0625,0,30,20.76,615.92,Two year,Fiber optic,Credit card,Yes,No,0
CUST-0626,0,51,84.75,3686.31,Month-to-month,Fiber optic,Credit card,No,Yes,1
CUST-0627,0,63,109.8,6374.57,Month-to-month,No,Electronic check,No,Yes,0
CUST-0628,0,52,44.35,2198.17,Month-to-month,DSL,Bank transfer,No,Yes,0
CUST-0629,0,38,112.7,4104.47,Month-to-month,DSL,Credit card,Yes,No,0
CUST-0630,0,30,26.03,744.88,Month-to-month,No,Mailed check,Yes,Yes,0
CUST-0631,1,51,113.44,5034.29,Month-to-month,Fiber optic,Credit card,Yes,Yes,0
CUST-0632,1,5,55.16,246.82,Month-to-month,No,Electronic check,No,Yes,0
CUST-0633,0,29,30.14,789.98,Month-to-month,Fiber optic,Bank transfer,Yes,Yes,1
CUST-0634,0,4,68.59,266.31,Month-to-month,No,Electronic check,Yes,Yes,1
CUST-0635,0,10,45.68,407.38,Month-to-month,Fiber optic,Electronic check,No,Yes,1
CUST-0636,1,56,48.49,2393.95,Two year,Fiber optic,Electronic check,No,No,0
CUST-0637,0,17,50.73,856.91,One year,No,Mailed check,No,No,0
CUST-0638,0,17,100.3,1451.6,Two year,Fiber optic,Bank transfer,Yes,Yes,0
CUST-0639,0,69,73.92,5098.81,Month-to-month,DSL,Bank transfer,No,No,0
CUST-0640,0,34,51.13,1654.15,Month-to-month,DSL,Mailed check,Yes,No,1
CUST-0641,0,6,81.03,473.67,One year,DSL,Bank transfer,Yes,Yes,0
CUST-0642,0,53,91.62,4342.08,Month-to-month,DSL,Electronic check,No,Yes,1
CUST-0643,0,66,47.26,2657.98,Month-to-month,DSL,Bank transfer,No,No,1
CUST-0644,0,43,61.35,2534.32,Month-to-month,Fiber optic,Mailed check,No,Yes,0
CUST-0645,0,23,32.19,721.95,Month-to-month,Fiber optic,Electronic check,No,No,1
CUST-0646,0,55,38.11,2014.45,Month-to-month,Fiber optic,Mailed check,No,No,1
CUST-0647,1,16,88.11,1228.5,Month-to-month,Fiber optic,Credit card,Yes,No,0
CUST-0648,0,8,38.14,293.83,One year,DSL,Electronic check,Yes,Yes,0
CUST-0649,1,4,72.52,280.03,Month-to-month,DSL,Electronic check,Yes,No,0
CUST-0650,0,4,90.9,344.98,Month-to-month,DSL,Bank transfer,No,Yes,0
CUST-0651,0,56,30.69,1658.35,Two year,Fiber optic,Electronic check,Yes,Yes,0
CUST-0652,0,25,76.73,1873.92,Month-to-month,DSL,Mailed check,No,Yes,1
CUST-0653,0,67,45.66,2881.91,Month-to-month,DSL,Bank transfer,No,Yes,0
CUST-0654,0,67,116.29,6726.27,Two year,Fiber optic,Credit card,Yes,Yes,0
CUST-0655,0,27,68.35,1703.62,Month-to-month,No,Mailed check,Yes,No,1
CUST-0656,0,32,100.6,2773.82,Month-to-month,DSL,Credit card,No,Yes,0
CUST-0657,0,50,75.02,3417.65,Month-to-month,Fiber optic,Credit card,Yes,Yes,1
CUST-0658,0,61,24.34,1352.7,Month-to-month,Fiber optic,Credit card,No,Yes,0
CUST-0659,1,51,83.32,3654.0,One year,Fiber optic,Electronic check,Yes,Yes,1
CUST-0660,0,19,115.14,1973.98,Two year,No,Mailed check,Yes,Yes,0
CUST-0661,1,21,80.16,1458.88,Month-to-month,DSL,Mailed check,Yes,No,1
CUST-0662,0,5,101.92,494.94,One year,DSL,Electronic check,Yes,Yes,0
CUST-0663,0,42,108.42,4517.91,Month-to-month,No,Bank transfer,Yes,Yes,0
CUST-0664,1,61,42.81,2248.03,Month-to-month,Fiber optic,Credit card,No,No,0
CUST-0665,0,22,41.2,900.3,One year,Fiber optic,Mailed check,Yes,Yes,0
CUST-0666,0,21,81.1,1581.14,Month-to-month,Fiber optic,Electronic check,Yes,No,1
CUST-0667,0,70,61.1,3827.64,Month-to-month,Fiber optic,Credit card,Yes,No,1
CUST-0668,1,1,103.99,89.59,Month-to-month,No,Bank transfer,No,No,1
CUST-0669,0,5,110.0,508.8,Month-to-month,No,Bank transfer,No,No,1
CUST-0670,0,12,55.34,643.61,Month-to-month,Fiber optic,Credit card,No,Yes,0
CUST-0671,0,46,43.69,1921.44,Two year,DSL,Bank transfer,No,Yes,0
CUST-0672,0,34,98.05,2858.76,Month-to-month,No,Mailed check,No,No,0
CUST-0673,0,49,47.48,2002.98,Month-to-month,DSL,Mailed check,Yes,No,1
CUST-0674,0,45,102.26,4189.53,Month-to-month,DSL,Mailed check,Yes,Yes,0
CUST-0675,0,27,62.37,1505.98,One year,No,Bank transfer,Yes,No,1
CUST-0676,0,26,86.75,1995.8,One year,DSL,Mailed check,No,No,0
CUST-0677,0,47,29.55,1239.06,One year,DSL,Electronic check,No,No,0
CUST-0678,0,56,82.39,4477.84,One year,DSL,Mailed check,Yes,Yes,0
CUST-0679,0,63,65.18,4062.75,Two year,No,Mailed check,No,No,0
CUST-0680,1,48,78.66,3438.76,Month-to-month,Fiber optic,Bank transfer,No,Yes,1
CUST-0681,0,61,36.8,2213.19,Month-to-month,Fiber optic,Mailed check,No,Yes,1
CUST-0682,0,26,93.69,2188.02,Two year,DSL,Credit card,Yes,Yes,0
CUST-0683,0,36,106.28,3525.6,Two year,Fiber optic,Electronic check,Yes,No,0
CUST-0684,0,1,41.67,36.83,Two year,Fiber optic,Bank transfer,No,No,0
CUST-0685,0,8,29.57,223.8,Month-to-month,DSL,Electronic check,No,Yes,1
CUST-0686,0,52,22.36,1159.05,Month-to-month,Fiber optic,Credit card,No,Yes,0
CUST-0687,0,47,84.2,3722.03,Month-to-month,DSL,Bank transfer,No,Yes,0
CUST-0688,0,56,80.71,4084.38,One year,No,Bank transfer,Yes,No,0
CUST-0689,0,14,74.67,990.16,Month-to-month,Fiber optic,Mailed check,No,No,1
CUST-0690,0,28,43.19,1050.22,Month-to-month,No,Electronic check,Yes,Yes,0
CUST-0691,1,2,59.09,116.21,Two year,DSL,Credit card,Yes,Yes,0
CUST-0692,0,26,79.45,1911.73,Month-to-month,Fiber optic,Credit card,Yes,No,1
CUST-0693,0,14,69.68,894.94,Two year,Fiber optic,Bank transfer,No,Yes,0
CUST-0694,0,59,118.78,6572.68,Month-to-month,Fiber optic,Mailed check,Yes,No,1
CUST-0695,0,56,33.64,1777.81,Month-to-month,No,Bank transfer,Yes,No,0
CUST-0696,0,7,89.51,539.33,Month-to-month,Fiber optic,Bank transfer,No,Yes,0
CUST-0697,0,3,60.43,172.66,One year,DSL,Bank transfer,No,Yes,0
CUST-0698,0,23,62.82,1280.56,Month-to-month,Fiber optic,Bank transfer,No,No,1
CUST-0699,0,18,91.76,1580.81,Month-to-month,Fiber optic,Credit card,Yes,No,0
CUST-0700,0,38,89.24,3300.85,Two year,Fiber optic,Credit card,No,No,0
CUST-0701,0,15,119.13,1734.4,Month-to-month,DSL,Bank transfer,Yes,No,1
CUST-0702,0,64,32.84,1960.68,One year,Fiber optic,Bank transfer,Yes,No,0
CUST-0703,0,28,30.41,790.2,One year,DSL,Mailed check,No,Yes,0
CUST-0704,0,39,92.43,3141.31,Month-to-month,Fiber optic,Bank transfer,Yes,No,1
CUST-0705,0,57,77.84,4287.37,One year,Fiber optic,Credit card,Yes,No,0
CUST-0706,0,17,47.42,718.04,Month-to-month,Fiber optic,Electronic check,Yes,No,1
CUST-0707,1,44,27.94,1136.55,One year,DSL,Credit card,Yes,Yes,0
CUST-0708,0,25,28.57,637.57,Month-to-month,Fiber optic,Mailed check,No,Yes,1
CUST-0709,1,17,109.42,1618.46,One year,DSL,Credit card,Yes,No,0
CUST-0710,0,13,39.19,481.16,Month-to-month,DSL,Electronic check,No,No,0
CUST-0711,0,25,52.34,1122.89,One year,Fiber optic,Bank transfer,Yes,Yes,0
CUST-0712,0,68,42.67,2792.16,Month-to-month,No,Electronic check,Yes,Yes,0
CUST-0713,1,10,55.5,498.19,Month-to-month,Fiber optic,Bank transfer,No,Yes,1
CUST-0714,0,67,26.94,1534.27,Month-to-month,Fiber optic,Bank transfer,Yes,Yes,0
CUST-0715,0,18,71.91,1199.46,Month-to-month,No,Credit card,Yes,No,0
CUST-0716,0,34,26.76,779.76,Two year,No,Credit card,Yes,Yes,0
CUST-0717,0,8,100.04,713.43,Month-to-month,DSL,Credit card,Yes,No,1
CUST-0718,0,40,43.37,1658.55,Two year,No,Mailed check,Yes,No,0
CUST-0719,1,42,74.0,2671.03,Two year,Fiber optic,Credit card,Yes,Yes,0
CUST-0720,1,41,108.01,4321.69,One year,DSL,Mailed check,No,Yes,0
CUST-0721,0,6,85.09,434.25,Month-to-month,DSL,Credit card,No,Yes,1
CUST-0722,1,52,73.3,3380.98,Month-to-month,Fiber optic,Bank transfer,No,Yes,0
CUST-0723,0,26,52.43,1310.2,One year,DSL,Mailed check,Yes,No,0
CUST-0724,0,64,53.3,3061.35,Month-to-month,DSL,Electronic check,Yes,No,0
CUST-0725,0,59,86.95,4438.95,Month-to-month,DSL,Mailed check,Yes,No,1
CUST-0726,0,56,119.41,6045.25,One year,No,Mailed check,No,Yes,0
CUST-0727,1,59,86.18,4528.15,Two year,No,Electronic check,Yes,No,0
CUST-0728,0,70,75.78,5179.45,One year,DSL,Mailed check,No,Yes,0
CUST-0729,0,33,93.07,2754.97,Month-to-month,No,Bank transfer,Yes,No,1
CUST-0730,0,53,66.52,3413.94,One year,No,Credit card,Yes,Yes,0
CUST-0731,0,22,26.01,562.94,Month-to-month,Fiber optic,Electronic check,Yes,No,0
CUST-0732,0,21,76.23,1464.88,Month-to-month,DSL,Credit card,No,No,1
CUST-0733,1,70,115.76,7993.74,Two year,Fiber optic,Bank transfer,Yes,Yes,0
CUST-0734,0,70,37.53,2381.72,Month-to-month,No,Electronic check,No,No,1
CUST-0735,0,4,89.0,354.08,Month-to-month,Fiber optic,Credit card,Yes,No,1
CUST-0736,0,62,40.09,2146.03,Month-to-month,DSL,Credit card,Yes,Yes,1
CUST-0737,0,62,73.58,4347.79,Two year,Fiber optic,Bank transfer,No,Yes,0
CUST-0738,0,24,29.67,658.01,One year,Fiber optic,Credit card,Yes,Yes,0
CUST-0739,0,55,65.04,3248.62,One year,Fiber optic,Bank transfer,Yes,Yes,0
CUST-0740,0,9,95.62,813.17,One year,DSL,Mailed check,Yes,Yes,0
CUST-0741,0,3,54.76,156.98,Month-to-month,DSL,Bank transfer,Yes,No,0
CUST-0742,0,31,86.49,2280.77,Month-to-month,No,Mailed check,No,Yes,0
CUST-0743,0,40,99.54,3484.07,Month-to-month,No,Electronic check,No,No,1
CUST-0744,0,36,112.72,3883.25,Month-to-month,DSL,Credit card,Yes,No,0
CUST-0745,0,24,43.46,990.84,Month-to-month,No,Bank transfer,Yes,Yes,1
CUST-0746,0,6,59.93,357.75,Two year,DSL,Bank transfer,No,No,0
CUST-0747,1,66,35.24,2242.47,Month-to-month,Fiber optic,Credit card,Yes,No,0
CUST-0748,0,4,119.25,473.48,Month-to-month,Fiber optic,Credit card,No,Yes,1
CUST-0749,0,6,112.7,646.03,Month-to-month,No,Electronic check,Yes,No,1
CUST-0750,0,51,74.0,3376.63,Month-to-month,No,Electronic check,No,Yes,1
CUST-0751,0,62,104.2,5593.44,Two year,DSL,Bank transfer,No,Yes,0
CUST-0752,0,57,72.1,3975.2,Month-to-month,No,Electronic check,No,Yes,0
CUST-0753,1,66,82.36,5145.61,Month-to-month,DSL,Mailed check,No,No,1
CUST-0754,0,8,28.91,198.26,One year,Fiber optic,Electronic check,Yes,No,0
CUST-0755,0,26,95.53,2245.36,Month-to-month,Fiber optic,Electronic check,Yes,No,1
CUST-0756,0,51,32.77,1660.44,Month-to-month,Fiber optic,Bank transfer,No,No,1
CUST-0757,0,45,102.61,4271.42,Month-to-month,DSL,Mailed check,No,Yes,0
CUST-0758,0,44,98.2,3953.14,One year,No,Electronic check,No,No,0
CUST-0759,1,5,90.87,417.39,Two year,DSL,Mailed check,No,Yes,0
CUST-0760,0,70,23.62,1457.2,One year,DSL,Mailed check,Yes,No,0
CUST-0761,0,26,50.31,1184.19,Month-to-month,Fiber optic,Mailed check,No,No,0
CUST-0762,0,68,46.31,2851.4,Two year,Fiber optic,Credit card,No,No,0
CUST-0763,0,19,56.01,912.92,Month-to-month,No,Credit card,No,No,0
CUST-0764,0,20,28.76,555.15,Month-to-month,Fiber optic,Credit card,No,No,0
CUST-0765,0,12,113.7,1244.98,Month-to-month,DSL,Credit card,No,Yes,1
CUST-0766,0,47,75.38,3448.36,Month-to-month,No,Bank transfer,No,No,0
CUST-0767,0,1,50.55,49.42,Month-to-month,Fiber optic,Electronic check,No,No,1
CUST-0768,0,14,59.7,737.01,One year,DSL,Credit card,Yes,No,0
CUST-0769,0,64,64.72,3929.19,Two year,Fiber optic,Bank transfer,No,No,0
CUST-0770,0,38,80.06,2801.46,Month-to-month,Fiber optic,Electronic check,No,Yes,0
CUST-0771,0,37,71.57,2600.49,Month-to-month,Fiber optic,Credit card,No,No,1
CUST-0772,0,11,111.94,1086.49,Month-to-month,Fiber optic,Electronic check,Yes,Yes,1
CUST-0773,0,3,69.7,198.99,Month-to-month,No,Credit card,Yes,No,1
CUST-0774,0,33,119.22,3702.78,One year,No,Bank transfer,Yes,Yes,0
CUST-0775,0,6,105.14,564.16,Month-to-month,Fiber optic,Mailed check,No,Yes,1
CUST-0776,0,50,40.85,1777.98,Two year,DSL,Mailed check,No,Yes,0
CUST-0777,1,10,113.06,1071.52,Month-to-month,No,Electronic check,No,Yes,0
CUST-0778,0,5,31.64,152.0,Month-to-month,Fiber optic,Bank transfer,Yes,Yes,1
CUST-0779,0,23,101.74,2099.8,Month-to-month,Fiber optic,Mailed check,No,No,1
CUST-0780,0,10,58.06,549.67,Month-to-month,Fiber optic,Credit card,Yes,Yes,0
CUST-0781,0,44,107.8,4312.85,Month-to-month,No,Mailed check,Yes,No,0
CUST-0782,0,2,106.81,204.43,One year,Fiber optic,Electronic check,Yes,Yes,0
CUST-0783,0,13,100.59,1150.6,Month-to-month,DSL,Electronic check,Yes,Yes,1
CUST-0784,0,40,99.0,3894.79,One year,Fiber optic,Bank transfer,Yes,No,0
CUST-0785,0,2,50.47,90.15,Month-to-month,No,Electronic check,No,Yes,1
CUST-0786,0,65,28.09,1652.7,Month-to-month,DSL,Mailed check,No,Yes,1
CUST-0787,0,63,60.3,3262.17,Month-to-month,No,Mailed check,Yes,Yes,0
CUST-0788,0,17,37.35,550.33,Two year,Fiber optic,Mailed check,No,Yes,1
CUST-0789,0,9,89.5,747.0,Month-to-month,Fiber optic,Mailed check,No,No,1
CUST-0790,0,15,54.61,729.16,One year,DSL,Bank transfer,Yes,Yes,1
CUST-0791,0,24,117.56,2751.81,Month-to-month,DSL,Credit card,Yes,Yes,1
CUST-0792,0,38,84.1,2723.47,One year,No,Credit card,No,No,1
CUST-0793,1,35,102.25,3245.44,Month-to-month,DSL,Bank transfer,No,No,0
CUST-0794,0,49,33.25,1467.31,One year,Fiber optic,Electronic check,No,Yes,0
CUST-0795,0,69,106.2,6249.87,One year,Fiber optic,Credit card,No,Yes,1
CUST-0796,0,62,112.28,6047.02,Two year,DSL,Electronic check,Yes,No,0
CUST-0797,0,60,68.71,3760.0,Month-to-month,DSL,Credit card,No,Yes,0
CUST-0798,0,50,80.63,3724.82,Month-to-month,Fiber optic,Electronic check,Yes,No,1
CUST-0799,0,9,96.48,790.73,Month-to-month,No,Bank transfer,Yes,Yes,1
CUST-0800,0,34,37.48,1184.66,Two year,Fiber optic,Mailed check,No,No,0
CUST-0801,0,35,70.26,2309.76,Month-to-month,Fiber optic,Electronic check,No,No,1
CUST-0802,0,1,59.87,50.98,One year,DSL,Mailed check,No,No,0
CUST-0803,1,40,34.64,1274.22,Month-to-month,Fiber optic,Electronic check,Yes,Yes,1
CUST-0804,0,64,56.75,3612.11,Month-to-month,Fiber optic,Electronic check,Yes,Yes,1
CUST-0805,0,22,26.82,547.47,Month-to-month,No,Electronic check,Yes,Yes,0
CUST-0806,0,60,22.58,1289.27,Two year,Fiber optic,Electronic check,Yes,Yes,0
CUST-0807,1,64,33.52,1923.84,One year,Fiber optic,Electronic check,No,No,1
CUST-0808,0,11,116.31,1236.04,Two year,DSL,Mailed check,Yes,No,0
CUST-0809,0,14,74.95,1013.56,Month-to-month,No,Electronic check,Yes,No,1
CUST-0810,0,60,116.58,6492.53,One year,DSL,Mailed check,No,Yes,0
CUST-0811,0,30,63.25,1890.67,One year,DSL,Bank transfer,Yes,Yes,0
CUST-0812,1,35,51.18,1556.34,Month-to-month,Fiber optic,Credit card,Yes,Yes,0
CUST-0813,0,37,70.61,2227.33,Two year,Fiber optic,Electronic check,No,No,0
CUST-0814,0,5,63.95,308.73,Two year,Fiber optic,Credit card,Yes,Yes,0
CUST-0815,1,26,30.57,771.83,Two year,Fiber optic,Mailed check,Yes,Yes,0
CUST-0816,0,62,84.08,4525.01,One year,Fiber optic,Bank transfer,Yes,No,1
CUST-0817,0,4,41.6,148.07,Month-to-month,DSL,Bank transfer,Yes,No,1
CUST-0818,0,42,81.96,2935.04,Month-to-month,No,Bank transfer,No,Yes,1
CUST-0819,0,18,85.02,1368.14,Two year,Fiber optic,Credit card,Yes,No,0
CUST-0820,0,40,35.2,1360.09,Month-to-month,Fiber optic,Mailed check,No,Yes,1
CUST-0821,0,39,26.13,945.39,One year,Fiber optic,Electronic check,Yes,No,0
CUST-0822,0,14,98.08,1238.85,One year,DSL,Electronic check,No,No,1
CUST-0823,0,32,65.98,1912.39,One year,Fiber optic,Mailed check,No,No,0
CUST-0824,0,51,25.82,1119.56,Two year,Fiber optic,Credit card,No,Yes,0
CUST-0825,0,38,119.49,4063.72,Month-to-month,DSL,Electronic check,Yes,Yes,0
CUST-0826,0,23,25.78,561.5,Month-to-month,Fiber optic,Mailed check,Yes,Yes,0
CUST-0827,0,63,89.5,5616.67,Month-to-month,No,Electronic check,Yes,No,1
CUST-0828,0,15,118.37,1734.82,Month-to-month,Fiber optic,Bank transfer,No,No,1
CUST-0829,0,25,43.92,937.19,Month-to-month,No,Electronic check,Yes,No,0
CUST-0830,0,17,34.22,572.89,Month-to-month,DSL,Credit card,Yes,No,0
CUST-0831,0,66,32.14,2052.26,Two year,DSL,Mailed check,Yes,Yes,0
CUST-0832,0,53,50.33,2579.61,Two year,DSL,Credit card,Yes,Yes,0
CUST-0833,0,51,30.1,1410.3,Month-to-month,Fiber optic,Mailed check,No,Yes,0
CUST-0834,0,39,89.22,3165.38,Month-to-month,DSL,Bank transfer,No,No,1
CUST-0835,0,51,26.23,1197.85,Two year,DSL,Mailed check,Yes,No,0
CUST-0836,0,70,70.94,4269.86,Month-to-month,No,Electronic check,Yes,Yes,0
CUST-0837,1,6,119.67,634.9,Month-to-month,No,Electronic check,Yes,No,1
CUST-0838,0,67,101.4,6026.04,Month-to-month,Fiber optic,Bank transfer,No,Yes,1
CUST-0839,0,7,81.52,526.48,One year,DSL,Mailed check,Yes,No,0
CUST-0840,0,51,50.63,2484.31,Month-to-month,DSL,Bank transfer,No,No,1
CUST-0841,1,42,82.39,3187.26,Two year,DSL,Electronic check,No,Yes,0
CUST-0842,0,64,72.7,3995.25,Month-to-month,Fiber optic,Credit card,Yes,Yes,0
CUST-0843,0,15,62.61,933.2,Month-to-month,No,Bank transfer,Yes,No,0
CUST-0844,0,29,33.07,950.79,Month-to-month,Fiber optic,Credit card,Yes,Yes,1
CUST-0845,1,33,108.66,3470.24,Month-to-month,DSL,Credit card,No,Yes,1
CUST-0846,0,27,64.98,1752.18,One year,Fiber optic,Mailed check,No,No,0
CUST-0847,0,36,39.46,1323.5,One year,DSL,Bank transfer,Yes,No,0
CUST-0848,1,29,56.78,1637.42,One year,Fiber optic,Credit card,No,No,0
CUST-0849,1,38,61.41,2010.01,One year,Fiber optic,Credit card,Yes,Yes,0
CUST-0850,1,57,102.75,5299.49,Two year,Fiber optic,Mailed check,Yes,No,0
CUST-0851,0,27,93.36,2227.83,Two year,DSL,Mailed check,No,No,0
CUST-0852,0,55,96.93,4688.08,One year,DSL,Electronic check,No,No,1
CUST-0853,0,33,21.1,606.56,Month-to-month,No,Credit card,No,No,1
CUST-0854,0,68,61.62,3952.84,Month-to-month,DSL,Electronic check,No,No,1
CUST-0855,0,66,68.13,4349.08,Month-to-month,DSL,Credit card,Yes,Yes,0
CUST-0856,0,10,21.92,205.33,One year,DSL,Electronic check,Yes,No,0
CUST-0857,0,5,45.98,200.48,Month-to-month,DSL,Mailed check,Yes,No,0
CUST-0858,0,38,96.03,3545.75,Month-to-month,Fiber optic,Bank transfer,No,Yes,0
CUST-0859,0,13,33.71,414.3,Two year,No,Mailed check,Yes,No,0
CUST-0860,0,31,73.53,2070.23,Two year,DSL,Electronic check,No,No,0
CUST-0861,0,47,41.52,1856.05,Two year,Fiber optic,Electronic check,No,Yes,0
CUST-0862,0,52,21.21,980.48,Month-to-month,Fiber optic,Bank transfer,No,No,1
CUST-0863,0,56,44.12,2228.04,One year,Fiber optic,Credit card,Yes,Yes,0
CUST-0864,0,15,117.59,1742.02,Month-to-month,No,Electronic check,No,No,1
CUST-0865,0,29,100.15,2595.26,Month-to-month,No,Electronic check,No,Yes,0
CUST-0866,0,8,115.96,853.93,Month-to-month,DSL,Electronic check,No,Yes,1
CUST-0867,0,5,68.79,338.28,Month-to-month,Fiber optic,Bank transfer,No,No,0
CUST-0868,0,29,30.97,858.75,Month-to-month,Fiber optic,Mailed check,No,Yes,0
CUST-0869,0,47,74.8,3021.06,Two year,No,Electronic check,No,Yes,0
CUST-0870,0,68,65.44,3880.76,Month-to-month,Fiber optic,Bank transfer,No,No,1
CUST-0871,1,45,104.44,4000.36,One year,No,Electronic check,No,No,1
CUST-0872,0,2,29.81,56.32,Month-to-month,Fiber optic,Credit card,No,Yes,0
CUST-0873,1,27,68.82,1704.19,Month-to-month,DSL,Bank transfer,No,No,1
CUST-0874,1,36,35.0,1096.38,Month-to-month,Fiber optic,Electronic check,No,Yes,0
CUST-0875,0,36,52.47,1877.0,Month-to-month,No,Bank transfer,No,Yes,1
CUST-0876,1,26,93.74,2265.29,One year,No,Electronic check,Yes,No,0
CUST-0877,0,43,67.6,2576.25,Month-to-month,DSL,Mailed check,Yes,No,1
CUST-0878,0,27,57.59,1438.45,Month-to-month,Fiber optic,Electronic check,No,Yes,0
CUST-0879,0,69,59.45,3904.92,Month-to-month,DSL,Bank transfer,No,No,0
CUST-0880,0,20,65.94,1136.06,Month-to-month,DSL,Credit card,No,No,1
CUST-0881,1,11,98.5,965.62,Two year,Fiber optic,Credit card,Yes,Yes,1
CUST-0882,0,38,109.21,4029.82,Month-to-month,DSL,Credit card,Yes,Yes,1
CUST-0883,0,6,115.53,637.0,One year,No,Electronic check,Yes,Yes,0
CUST-0884,0,23,98.69,2115.49,One year,DSL,Mailed check,No,Yes,0
CUST-0885,0,47,51.54,2216.29,Two year,No,Electronic check,No,Yes,0
CUST-0886,0,46,88.81,3499.37,Two year,DSL,Credit card,No,Yes,0
CUST-0887,0,12,63.76,669.37,One year,DSL,Bank transfer,No,No,0
CUST-0888,1,13,45.47,541.95,One year,DSL,Credit card,Yes,Yes,0
CUST-0889,0,62,104.09,5688.04,Two year,DSL,Bank transfer,No,No,1
CUST-0890,0,60,23.84,1226.56,Month-to-month,DSL,Mailed check,Yes,No,1
CUST-0891,0,43,110.18,4626.63,Month-to-month,DSL,Bank transfer,Yes,Yes,0
CUST-0892,0,68,66.15,4485.51,Month-to-month,Fiber optic,Electronic check,No,No,0
CUST-0893,0,5,83.72,405.61,Two year,DSL,Electronic check,Yes,Yes,0
CUST-0894,0,37,85.94,3110.04,Two year,Fiber optic,Electronic check,Yes,No,0
CUST-0895,0,31,109.51,3008.81,Month-to-month,Fiber optic,Bank transfer,Yes,Yes,0
CUST-0896,1,9,83.67,748.58,One year,No,Electronic check,Yes,Yes,0
CUST-0897,0,51,81.39,3650.87,Month-to-month,No,Electronic check,No,Yes,1
CUST-0898,1,29,26.67,767.8,Month-to-month,Fiber optic,Electronic check,No,Yes,1
CUST-0899,0,40,71.84,2871.37,Two year,DSL,Mailed check,Yes,No,0
CUST-0900,0,41,35.02,1373.73,Month-to-month,DSL,Bank transfer,No,No,0
CUST-0901,0,11,93.74,1028.22,Month-to-month,No,Bank transfer,Yes,No,0
CUST-0902,1,23,71.22,1532.29,One year,DSL,Credit card,No,No,1
CUST-0903,0,1,88.02,78.24,One year,DSL,Bank transfer,No,No,1
CUST-0904,1,46,24.17,1017.93,Month-to-month,DSL,Mailed check,No,Yes,0
CUST-0905,1,21,28.48,561.62,One year,DSL,Bank transfer,No,Yes,0
CUST-0906,0,36,91.63,2840.04,Month-to-month,DSL,Mailed check,No,Yes,0
CUST-0907,0,54,27.21,1386.1,Month-to-month,Fiber optic,Mailed check,Yes,Yes,0
CUST-0908,0,57,27.13,1542.04,Month-to-month,DSL,Bank transfer,No,Yes,1
CUST-0909,0,1,21.21,18.63,One year,Fiber optic,Credit card,Yes,No,0
CUST-0910,0,63,115.65,7059.28,Month-to-month,DSL,Electronic check,Yes,Yes,0
CUST-0911,0,54,93.75,4992.56,Two year,DSL,Electronic check,No,Yes,0
CUST-0912,0,55,55.33,3017.45,Two year,No,Bank transfer,Yes,No,0
CUST-0913,0,40,49.65,1974.12,Two year,DSL,Bank transfer,No,No,0
CUST-0914,0,15,54.97,765.36,Month-to-month,No,Mailed check,Yes,Yes,1
CUST-0915,0,21,97.47,2039.9,Two year,Fiber optic,Bank transfer,Yes,Yes,0
CUST-0916,0,47,86.14,3901.2,Month-to-month,DSL,Mailed check,No,No,1
CUST-0917,0,53,38.52,1784.84,Month-to-month,No,Credit card,No,Yes,1
CUST-0918,0,9,37.41,310.27,Month-to-month,DSL,Bank transfer,No,Yes,1
CUST-0919,0,52,29.84,1486.12,Month-to-month,No,Electronic check,No,Yes,0
CUST-0920,0,57,86.03,4350.09,One year,DSL,Electronic check,Yes,No,0
CUST-0921,0,26,96.44,2372.27,Month-to-month,No,Bank transfer,No,Yes,1
CUST-0922,0,41,46.5,1811.16,Month-to-month,DSL,Mailed check,Yes,Yes,1
CUST-0923,0,35,22.09,676.05,One year,Fiber optic,Electronic check,Yes,No,0
CUST-0924,0,63,28.22,1661.88,Month-to-month,Fiber optic,Mailed check,Yes,No,1
CUST-0925,1,25,116.79,2819.73,One year,No,Bank transfer,Yes,No,0
CUST-0926,0,38,49.54,1741.02,Month-to-month,No,Bank transfer,Yes,Yes,0
CUST-0927,0,2,96.92,165.12,Two year,No,Electronic check,Yes,No,0
CUST-0928,0,7,82.47,491.48,Two year,No,Bank transfer,No,Yes,0
CUST-0929,0,34,58.19,1787.65,Month-to-month,DSL,Credit card,Yes,No,0
CUST-0930,0,17,40.57,682.05,Month-to-month,DSL,Credit card,Yes,Yes,1
CUST-0931,0,43,32.14,1222.12,Month-to-month,DSL,Electronic check,Yes,No,0
CUST-0932,0,59,81.5,4544.78,Two year,Fiber optic,Credit card,No,Yes,0
CUST-0933,0,51,97.46,4390.46,Month-to-month,Fiber optic,Mailed check,No,Yes,1
CUST-0934,0,54,84.39,4093.38,Month-to-month,Fiber optic,Electronic check,Yes,No,1
CUST-0935,0,24,73.03,1712.77,Month-to-month,DSL,Electronic check,No,No,0
CUST-0936,1,25,24.2,580.39,Month-to-month,Fiber optic,Mailed check,Yes,Yes,1
CUST-0937,0,71,116.85,7170.62,Month-to-month,DSL,Credit card,No,No,0
CUST-0938,0,52,99.87,4748.21,Two year,DSL,Credit card,Yes,Yes,0
CUST-0939,0,70,49.28,2947.25,Month-to-month,Fiber optic,Credit card,No,No,1
CUST-0940,0,33,118.0,3590.79,Month-to-month,Fiber optic,Electronic check,No,No,1
CUST-0941,0,49,80.19,3730.35,Two year,Fiber optic,Electronic check,No,Yes,0
CUST-0942,0,29,78.24,1968.95,Two year,Fiber optic,Credit card,Yes,No,0
CUST-0943,0,63,94.81,5335.9,Month-to-month,DSL,Bank transfer,Yes,No,1
CUST-0944,0,22,101.18,2024.9,Month-to-month,Fiber optic,Credit card,Yes,Yes,0
CUST-0945,0,26,85.65,2200.02,Month-to-month,DSL,Mailed check,No,Yes,1
CUST-0946,0,28,32.81,917.75,Two year,Fiber optic,Electronic check,No,No,0
CUST-0947,0,49,53.83,2259.79,Month-to-month,Fiber optic,Mailed check,Yes,Yes,1
CUST-0948,0,71,112.81,7722.38,Two year,DSL,Mailed check,No,No,0
CUST-0949,0,49,42.46,1884.47,One year,DSL,Electronic check,Yes,No,0
CUST-0950,0,20,57.22,1040.11,Month-to-month,No,Bank transfer,Yes,Yes,0
CUST-0951,0,63,63.21,3835.44,Month-to-month,No,Credit card,Yes,Yes,0
CUST-0952,0,61,63.94,3852.62,Month-to-month,Fiber optic,Mailed check,Yes,Yes,1
CUST-0953,0,49,81.29,3953.89,Month-to-month,DSL,Electronic check,No,Yes,1
CUST-0954,0,71,114.31,7601.2,Month-to-month,DSL,Mailed check,No,Yes,0
CUST-0955,0,1,44.07,39.82,One year,Fiber optic,Credit card,No,Yes,0
CUST-0956,0,13,32.15,404.63,Two year,No,Bank transfer,Yes,No,0
CUST-0957,1,51,39.75,1799.49,One year,DSL,Bank transfer,No,No,1
CUST-0958,0,56,108.69,5688.64,One year,Fiber optic,Bank transfer,Yes,Yes,0
CUST-0959,0,62,84.58,4739.42,Month-to-month,DSL,Electronic check,Yes,No,0
CUST-0960,0,32,48.59,1474.8,Month-to-month,No,Electronic check,Yes,No,0
CUST-0961,0,30,101.59,2700.44,Month-to-month,Fiber optic,Bank transfer,Yes,No,1
CUST-0962,0,29,106.14,2704.81,One year,Fiber optic,Credit card,Yes,No,0
CUST-0963,0,49,104.65,5064.96,Two year,DSL,Credit card,Yes,Yes,0
CUST-0964,1,45,111.89,4356.68,One year,Fiber optic,Electronic check,No,No,1
CUST-0965,1,30,45.22,1256.07,Month-to-month,DSL,Bank transfer,No,No,1
CUST-0966,0,16,95.5,1349.42,Month-to-month,DSL,Credit card,No,Yes,1
CUST-0967,0,40,66.05,2261.13,One year,No,Credit card,No,Yes,0
CUST-0968,1,19,104.2,1693.53,Month-to-month,No,Credit card,Yes,Yes,1
CUST-0969,0,18,92.85,1464.53,Two year,No,Electronic check,Yes,Yes,0
CUST-0970,0,1,97.64,95.69,Two year,Fiber optic,Bank transfer,No,No,0
CUST-0971,0,47,85.62,3591.03,One year,No,Mailed check,No,Yes,1
CUST-0972,0,66,37.74,2472.33,Month-to-month,DSL,Bank transfer,No,No,1
CUST-0973,0,38,74.5,2653.34,Month-to-month,DSL,Bank transfer,No,No,1
CUST-0974,0,51,118.47,5531.38,Month-to-month,DSL,Electronic check,No,Yes,1
CUST-0975,0,63,113.74,6714.28,Month-to-month,Fiber optic,Credit card,No,Yes,0
CUST-0976,0,4,24.32,90.23,Month-to-month,Fiber optic,Credit card,No,Yes,1
CUST-0977,0,1,36.48,35.16,One year,DSL,Electronic check,No,Yes,0
CUST-0978,0,8,33.17,236.8,One year,Fiber optic,Electronic check,Yes,Yes,0
CUST-0979,0,29,92.6,2424.8,Month-to-month,No,Electronic check,Yes,Yes,1
CUST-0980,0,55,101.78,5508.97,Month-to-month,Fiber optic,Electronic check,Yes,No,1
CUST-0981,0,3,41.35,123.05,Month-to-month,DSL,Electronic check,Yes,No,1
CUST-0982,1,32,70.59,2222.48,Month-to-month,DSL,Mailed check,No,No,1
CUST-0983,1,10,104.07,950.07,Two year,DSL,Bank transfer,Yes,No,0
CUST-0984,0,34,93.28,3067.03,Month-to-month,DSL,Bank transfer,No,Yes,0
CUST-0985,0,55,74.22,3761.45,Month-to-month,Fiber optic,Bank transfer,Yes,Yes,1
CUST-0986,0,32,79.03,2338.35,Month-to-month,Fiber optic,Credit card,No,No,1
CUST-0987,0,50,70.84,3119.45,Two year,Fiber optic,Mailed check,No,No,0
CUST-0988,1,7,49.75,326.89,One year,Fiber optic,Bank transfer,Yes,No,0
CUST-0989,1,8,76.5,537.29,Month-to-month,No,Credit card,Yes,Yes,0
CUST-0990,0,65,88.89,5198.53,Month-to-month,DSL,Mailed check,No,Yes,1
CUST-0991,0,57,107.33,5984.78,One year,Fiber optic,Mailed check,No,Yes,1
CUST-0992,0,67,83.63,4936.77,Two year,No,Credit card,No,No,0
CUST-0993,0,59,96.11,4880.44,Month-to-month,DSL,Mailed check,Yes,No,0
CUST-0994,0,54,36.01,1672.99,Two year,DSL,Credit card,Yes,Yes,0
CUST-0995,0,67,66.16,4393.35,Two year,No,Bank transfer,No,Yes,0
CUST-0996,0,51,20.93,988.48,Two year,DSL,Credit card,Yes,No,0
CUST-0997,0,8,44.67,325.7,One year,Fiber optic,Mailed check,No,No,1
CUST-0998,0,34,92.65,3060.74,One year,DSL,Bank transfer,Yes,Yes,0
CUST-0999,0,35,119.18,4068.58,Month-to-month,Fiber optic,Bank transfer,Yes,No,1
CUST-1000,0,32,29.92,861.53,One year,DSL,Electronic check,Yes,Yes,0
